customer_id,first_name,last_name,email,phone,created_at
1,Hannah,Payne,hannah_payne_1773@hotmail.com,175-207-6183,2024-02-07 00:43:22.631686
2,Shannon,Middleton,shannon_middleton_2373@yahoo.com,901-293-3198,2024-07-21 16:33:49.574006
3,Aaron,Hubbard,aaron_hubbard_7435@yahoo.com,816-810-2519,2023-07-09 22:19:38.115695
4,Jessica,Smith,jessica_smith_7989@gmail.com,816-484-4015,2025-04-30 20:32:05.326882
5,Brianna,Thomas,brianna_thomas_1238@hotmail.com,234-215-9435,2025-04-11 02:27:28.793010
6,James,Thomas,james_thomas_2880@hotmail.com,585-816-7775,2024-11-21 05:36:26.900185
7,Derek,Massey,derek_massey_9367@gmail.com,659-798-4016,2023-09-10 04:59:47.934832
8,Richard,Thompson,richard_thompson_539@gmail.com,508-440-4679,2023-10-28 18:37:16.395356
9,Kevin,Coleman,kevin_coleman_5984@hotmail.com,729-790-9732,2023-08-18 14:25:26.249630
10,Dylan,Newton,dylan_newton_3986@hotmail.com,502-811-1310,2025-04-01 05:12:04.816795
11,Victoria,Deleon,victoria_deleon_3093@gmail.com,183-133-1557,2024-09-06 21:08:15.513243
12,Isaac,Gibson,isaac_gibson_8192@yahoo.com,092-797-2199,2025-06-03 03:48:40.276726
13,Anthony,Aguilar,anthony_aguilar_2791@gmail.com,501-039-4729,2024-09-16 17:46:06.384353
14,Frances,Mccarthy,frances_mccarthy_2646@hotmail.com,964-087-8379,2024-06-14 12:27:47.738494
15,Jennifer,Brown,jennifer_brown_3082@gmail.com,866-414-6097,2024-07-06 20:19:19.384926
16,Chris,Boyd,chris_boyd_6081@yahoo.com,200-370-4201,2023-11-09 01:00:44.792914
17,Kimberly,Wallace,kimberly_wallace_411@hotmail.com,369-539-3153,2025-02-08 00:22:58.531027
18,Maria,Rollins,maria_rollins_8081@gmail.com,914-414-4747,2023-10-01 10:34:07.561442
19,Adam,Cochran,adam_cochran_8028@yahoo.com,208-566-6447,2024-03-16 17:56:08.713197
20,Marilyn,Mitchell,marilyn_mitchell_9470@yahoo.com,244-447-9783,2024-04-09 20:16:34.204189
21,James,Brown,james_brown_4250@yahoo.com,259-072-8853,2025-05-27 13:32:11.729651
22,Thomas,Cook,thomas_cook_8127@yahoo.com,339-331-2717,2024-06-11 18:32:24.722581
23,Amanda,Patterson,amanda_patterson_4994@hotmail.com,306-126-5767,2024-05-23 12:26:50.382406
24,Mark,Weaver,mark_weaver_7279@yahoo.com,174-036-2374,2024-12-21 16:49:10.260528
25,Barbara,Pruitt,barbara_pruitt_9731@gmail.com,249-666-0269,2024-10-16 04:12:53.386641
26,Danielle,Figueroa,danielle_figueroa_1966@gmail.com,914-101-8752,2024-07-05 19:54:06.654020
27,Lauren,Woods,lauren_woods_8293@hotmail.com,152-514-1382,2024-06-14 11:19:57.189027
28,James,Schultz,james_schultz_8291@hotmail.com,635-749-9766,2024-11-29 04:13:07.153104
29,Nathan,Jones,nathan_jones_318@gmail.com,123-951-9100,2023-09-26 23:40:55.585123
30,Scott,Moreno,scott_moreno_8125@yahoo.com,200-687-8734,2024-03-10 06:17:44.157717
31,Craig,Gomez,craig_gomez_3458@gmail.com,883-358-2526,2024-07-04 12:43:20.047553
32,Karla,Lin,karla_lin_1554@gmail.com,504-732-2102,2024-05-26 11:47:25.443740
33,David,Schmidt,david_schmidt_9753@hotmail.com,598-477-8816,2025-02-20 18:36:03.993248
34,Cheryl,James,cheryl_james_3842@gmail.com,203-773-7382,2023-07-08 06:08:56.053316
35,Cory,Dyer,cory_dyer_6177@yahoo.com,893-877-7474,2023-07-04 14:23:31.147250
36,Sara,Romero,sara_romero_8119@yahoo.com,234-449-3108,2025-02-28 05:12:31.221452
37,Blake,Adkins,blake_adkins_5503@hotmail.com,793-186-3764,2025-05-16 08:17:00.642722
38,Mark,Moore,mark_moore_1920@yahoo.com,576-633-3552,2023-10-20 15:05:02.028217
39,Patrick,Bennett,patrick_bennett_8723@hotmail.com,656-682-1882,2024-03-09 16:26:16.978547
40,Lindsay,Myers,lindsay_myers_8172@yahoo.com,986-781-4984,2025-04-16 19:35:23.585784
41,Anita,Briggs,anita_briggs_7166@gmail.com,839-441-7022,2024-12-23 14:58:44.967080
42,Monica,Green,monica_green_6164@hotmail.com,719-424-0475,2023-10-02 20:14:22.714682
43,Alexis,Hughes,alexis_hughes_4987@yahoo.com,191-541-4851,2025-02-26 01:16:33.390566
44,Sarah,Clark,sarah_clark_6008@hotmail.com,566-268-2677,2025-02-17 19:16:36.478583
45,Lauren,Garcia,lauren_garcia_1735@yahoo.com,868-879-8803,2024-02-10 16:47:14.993299
46,Debra,Ruiz,debra_ruiz_5487@gmail.com,220-153-9666,2025-02-14 10:17:38.085025
47,Susan,Ellis,susan_ellis_6327@gmail.com,809-047-6397,2024-01-09 20:09:34.497024
48,Tina,Lopez,tina_lopez_7262@yahoo.com,623-132-0330,2024-02-17 05:42:39.524954
49,Kathleen,Cherry,kathleen_cherry_7022@yahoo.com,048-764-9927,2025-01-17 18:31:12.311912
50,Nicholas,Jones,nicholas_jones_40@hotmail.com,268-301-7355,2024-12-22 23:55:55.252027
51,Hannah,Cooper,hannah_cooper_3961@yahoo.com,000-340-3319,2024-04-03 07:56:03.451474
52,William,Mason,william_mason_7414@yahoo.com,172-696-5321,2024-10-12 01:26:26.748913
53,Michael,Martinez,michael_martinez_17@gmail.com,712-992-2244,2025-02-17 18:51:27.686680
54,Lisa,Fritz,lisa_fritz_1794@yahoo.com,971-280-4846,2023-07-30 23:38:57.517490
55,William,Morse,william_morse_1048@yahoo.com,493-458-5570,2024-07-08 15:35:14.321481
56,Lauren,Wilkins,lauren_wilkins_689@gmail.com,505-233-9397,2024-07-12 14:13:14.553529
57,Ricky,Jackson,ricky_jackson_2921@gmail.com,691-560-6995,2024-09-11 18:17:27.656780
58,Victoria,Obrien,victoria_obrien_3509@hotmail.com,965-862-0940,2023-10-24 11:33:07.647884
59,Michelle,Odonnell,michelle_odonnell_9364@yahoo.com,042-129-3281,2024-12-25 22:02:22.703132
60,Keith,Wagner,keith_wagner_7098@hotmail.com,353-485-7867,2024-06-15 09:56:23.383489
61,Stephanie,King,stephanie_king_7179@gmail.com,929-066-8254,2024-02-08 04:00:17.854401
62,Andrew,Skinner,andrew_skinner_2395@yahoo.com,326-750-5883,2024-09-12 10:05:31.516908
63,Paige,Reilly,paige_reilly_9762@yahoo.com,975-523-5763,2023-11-10 23:40:13.174107
64,Nicole,Huerta,nicole_huerta_4258@hotmail.com,817-513-5833,2025-02-04 11:40:57.246336
65,Michael,Koch,michael_koch_3999@gmail.com,251-931-4693,2024-04-04 00:54:34.047659
66,Adam,Hamilton,adam_hamilton_443@yahoo.com,611-176-9981,2025-01-23 04:57:37.363509
67,Connie,Huffman,connie_huffman_2972@gmail.com,577-519-0952,2024-11-14 01:06:05.006387
68,Robert,Jones,robert_jones_4715@yahoo.com,927-330-3746,2023-07-06 18:59:23.728905
69,Kim,Miller,kim_miller_5493@gmail.com,006-005-1385,2024-11-02 01:39:36.430415
70,Katrina,Stone,katrina_stone_6563@hotmail.com,864-934-4099,2023-07-17 09:25:34.654553
71,Susan,Vasquez,susan_vasquez_3066@hotmail.com,623-443-6321,2023-07-04 14:55:29.801228
72,Marc,Miller,marc_miller_3586@yahoo.com,451-169-3509,2023-08-22 16:44:54.778715
73,Lindsey,White,lindsey_white_6191@yahoo.com,247-363-3997,2023-06-26 13:25:43.133488
74,Brandi,Castillo,brandi_castillo_1401@gmail.com,706-836-0719,2024-05-28 03:53:03.428776
75,Jeffrey,Austin,jeffrey_austin_3430@hotmail.com,377-639-7565,2023-07-04 20:36:12.883493
76,Theresa,Hayes,theresa_hayes_5798@hotmail.com,968-947-7191,2023-10-30 08:18:15.672646
77,Michael,Miller,michael_miller_7752@gmail.com,179-102-2198,2024-03-11 15:50:57.173934
78,Robert,Robertson,robert_robertson_800@hotmail.com,721-480-6817,2024-07-31 09:21:49.735160
79,April,Johnson,april_johnson_685@yahoo.com,677-984-0161,2024-01-01 04:05:40.939987
80,Debra,Mckinney,debra_mckinney_5204@gmail.com,547-625-4772,2025-06-04 16:08:26.961362
81,Richard,Maldonado,richard_maldonado_1157@yahoo.com,973-515-8247,2024-08-07 00:43:52.129489
82,Tina,Pope,tina_pope_8840@yahoo.com,284-855-2112,2023-08-30 22:11:20.943031
83,Austin,Howell,austin_howell_863@yahoo.com,001-763-9831,2024-07-21 19:10:04.323102
84,Justin,Kramer,justin_kramer_946@gmail.com,079-953-9839,2024-12-23 18:07:27.459157
85,Ashley,Brewer,ashley_brewer_463@yahoo.com,663-631-2120,2025-01-09 13:21:06.030376
86,Laura,Collier,laura_collier_152@gmail.com,257-998-1055,2023-12-05 10:14:12.591108
87,Lisa,Moore,lisa_moore_288@yahoo.com,287-526-4843,2024-05-02 07:49:30.157670
88,Dennis,Smith,dennis_smith_9478@yahoo.com,652-973-1489,2024-11-16 22:48:59.309526
89,Melissa,Kent,melissa_kent_6441@yahoo.com,866-481-7576,2025-02-27 00:03:38.692348
90,Robert,Savage,robert_savage_2244@hotmail.com,037-503-4549,2024-10-25 01:09:08.527108
91,Peter,Davis,peter_davis_8231@hotmail.com,295-879-5313,2025-03-11 20:53:54.424878
92,Jason,Mcclain,jason_mcclain_4160@hotmail.com,379-668-3452,2024-02-22 18:57:59.154310
93,Susan,Hodge,susan_hodge_6425@gmail.com,464-579-6797,2024-10-20 10:54:27.501889
94,Jeremy,Garrett,jeremy_garrett_6979@yahoo.com,297-167-7398,2024-12-04 05:13:19.819428
95,Kyle,Johnson,kyle_johnson_5478@gmail.com,226-310-7501,2025-03-16 18:13:47.636974
96,Melissa,Hunt,melissa_hunt_9930@yahoo.com,404-341-8368,2024-10-14 01:41:57.958786
97,Edward,Huffman,edward_huffman_6623@yahoo.com,411-632-7715,2023-08-22 02:44:21.982682
98,Gary,Brown,gary_brown_2901@yahoo.com,123-910-2891,2024-02-16 21:08:50.838537
99,Jacqueline,Gilbert,jacqueline_gilbert_2572@hotmail.com,902-619-0230,2023-12-04 14:36:29.502589
100,Colleen,Cruz,colleen_cruz_2693@yahoo.com,447-437-2431,2023-06-18 14:09:57.326444
101,Kristina,Sellers,kristina_sellers_6464@gmail.com,818-885-2631,2024-06-05 06:32:55.836058
102,Victoria,Gibbs,victoria_gibbs_3158@hotmail.com,911-415-2036,2023-10-18 10:08:07.785857
103,Monica,Moore,monica_moore_6011@hotmail.com,291-069-7365,2024-08-27 02:31:07.084576
104,Cody,Johnson,cody_johnson_8014@yahoo.com,004-103-7892,2024-11-29 10:07:18.187406
105,Brett,Barker,brett_barker_6700@hotmail.com,497-748-7598,2024-04-10 18:39:27.793074
106,Eric,Stewart,eric_stewart_1323@hotmail.com,937-578-9109,2025-03-16 22:00:47.814559
107,Tammy,Duran,tammy_duran_5930@hotmail.com,751-676-9496,2024-04-10 05:29:33.594397
108,Gregory,Guerrero,gregory_guerrero_9871@gmail.com,291-442-9990,2024-02-12 18:52:51.924844
109,Christopher,Oconnell,christopher_oconnell_4624@hotmail.com,424-485-3809,2024-12-16 06:55:29.753933
110,Richard,Turner,richard_turner_4710@hotmail.com,219-288-3443,2025-03-29 17:59:34.049784
111,Phillip,Crawford,phillip_crawford_944@gmail.com,958-652-7235,2024-12-23 05:36:01.722997
112,Candice,Smith,candice_smith_2891@gmail.com,964-332-5574,2023-12-03 05:58:51.770939
113,Danielle,Brown,danielle_brown_2391@yahoo.com,772-587-2076,2023-06-30 04:39:00.970587
114,Michael,Mcbride,michael_mcbride_5237@hotmail.com,571-907-9466,2023-06-17 21:59:47.338051
115,Luis,Alexander,luis_alexander_7860@hotmail.com,741-265-3540,2024-10-15 14:12:16.787409
116,Robert,Harrison,robert_harrison_5746@gmail.com,595-489-8746,2025-01-07 08:10:11.300960
117,Nicholas,Wright,nicholas_wright_9863@hotmail.com,517-226-9585,2024-11-13 10:33:31.920310
118,Isabel,Hodges,isabel_hodges_7017@yahoo.com,186-102-1049,2025-01-07 08:13:27.120611
119,Monique,Gibson,monique_gibson_6525@hotmail.com,988-840-5088,2024-04-04 16:07:20.883038
120,Raymond,Rodriguez,raymond_rodriguez_4142@hotmail.com,945-278-8068,2025-04-12 12:24:45.018868
121,Martin,Hunt,martin_hunt_41@gmail.com,759-038-4991,2023-11-25 07:57:29.180915
122,Keith,Duffy,keith_duffy_252@gmail.com,156-222-3808,2024-08-31 08:36:44.724280
123,Samuel,Robertson,samuel_robertson_6804@yahoo.com,645-427-5988,2023-07-18 09:31:43.708382
124,Debra,Smith,debra_smith_4348@yahoo.com,696-261-6165,2024-09-29 22:01:21.199685
125,Katherine,Davis,katherine_davis_2452@gmail.com,025-174-4797,2025-02-15 07:10:19.845453
126,Maurice,Ryan,maurice_ryan_9502@hotmail.com,339-901-4220,2024-04-28 09:17:54.477416
127,Belinda,Davis,belinda_davis_5511@yahoo.com,435-054-1831,2025-04-21 01:52:18.056921
128,Jerry,Mccarthy,jerry_mccarthy_2274@gmail.com,067-492-4846,2025-04-19 13:32:35.580210
129,Brianna,Barton,brianna_barton_1522@gmail.com,979-403-6527,2024-02-15 19:51:08.570754
130,Amy,Nunez,amy_nunez_7753@gmail.com,775-388-9405,2024-08-07 15:38:10.621051
131,Leslie,Wiley,leslie_wiley_988@yahoo.com,374-550-0570,2024-09-02 19:09:58.741704
132,Michael,Johnson,michael_johnson_5417@yahoo.com,344-194-5176,2024-11-24 18:36:35.610842
133,Brittany,Welch,brittany_welch_8865@yahoo.com,290-375-1863,2024-10-22 13:52:57.350190
134,Madison,Hughes,madison_hughes_2172@gmail.com,093-615-5257,2024-02-19 16:20:14.932714
135,Sarah,Friedman,sarah_friedman_5592@gmail.com,058-815-1266,2024-11-18 15:34:38.118702
136,Jason,Carr,jason_carr_6379@hotmail.com,981-862-1864,2025-01-07 01:53:43.260683
137,Andrea,Martin,andrea_martin_3645@gmail.com,955-530-7014,2023-11-22 18:25:10.389770
138,James,Gray,james_gray_3073@yahoo.com,559-115-5489,2024-10-27 17:51:36.720961
139,Mark,Dorsey,mark_dorsey_7835@yahoo.com,078-725-3328,2024-12-30 12:20:08.004916
140,Matthew,Espinoza,matthew_espinoza_6368@gmail.com,515-787-1675,2024-02-22 20:19:02.357520
141,Kelly,Roberts,kelly_roberts_7942@hotmail.com,680-783-1954,2023-11-19 10:51:30.200894
142,Shelby,Mitchell,shelby_mitchell_3600@yahoo.com,698-421-4530,2023-12-31 05:51:52.236138
143,James,Rocha,james_rocha_5400@gmail.com,592-304-0743,2025-03-03 23:12:23.954819
144,Wendy,Navarro,wendy_navarro_3799@yahoo.com,950-703-4174,2025-03-08 06:26:23.102548
145,Carly,Davis,carly_davis_9752@yahoo.com,558-285-5140,2023-09-21 09:09:20.934289
146,Deborah,Yu,deborah_yu_4612@hotmail.com,896-502-8794,2025-05-30 20:10:36.418173
147,Lawrence,Adams,lawrence_adams_6230@gmail.com,995-758-2821,2024-02-06 09:30:06.487973
148,Nicole,Erickson,nicole_erickson_3333@hotmail.com,002-365-4722,2023-12-21 02:50:50.305103
149,Justin,Parker,justin_parker_5840@yahoo.com,421-139-3066,2023-08-19 06:56:30.718089
150,Annette,Hughes,annette_hughes_2781@yahoo.com,142-763-2836,2024-01-09 01:42:43.709224
151,Laura,Elliott,laura_elliott_7362@hotmail.com,311-564-5896,2024-01-03 17:11:43.544483
152,Jacob,Holmes,jacob_holmes_3844@hotmail.com,254-028-0641,2023-10-02 05:08:51.591613
153,Beth,Webb,beth_webb_6558@yahoo.com,357-976-4994,2023-10-25 05:39:33.530977
154,Ian,Stephenson,ian_stephenson_1093@yahoo.com,721-563-1259,2024-06-12 23:55:59.988935
155,Laura,Robertson,laura_robertson_586@hotmail.com,373-717-8445,2023-11-30 01:59:37.176347
156,Tyler,Thomas,tyler_thomas_1306@hotmail.com,639-365-8969,2024-09-07 05:10:13.640924
157,Stacey,Mitchell,stacey_mitchell_9673@gmail.com,674-105-1318,2025-05-07 18:00:28.477106
158,Jodi,Russell,jodi_russell_4810@gmail.com,643-309-8940,2023-12-25 07:02:49.215075
159,Kaitlin,Hood,kaitlin_hood_5309@gmail.com,639-194-2647,2025-03-24 21:29:09.389467
160,Danielle,Blake,danielle_blake_8029@gmail.com,256-551-1899,2024-01-09 18:38:49.313074
161,Holly,Davis,holly_davis_722@hotmail.com,784-560-3996,2025-05-04 11:30:03.238375
162,Steve,Livingston,steve_livingston_3598@hotmail.com,433-041-7208,2024-11-12 11:36:10.557755
163,Heather,Miles,heather_miles_4806@yahoo.com,902-069-8381,2024-03-26 14:52:11.294657
164,Jenna,Garcia,jenna_garcia_1132@yahoo.com,609-509-5905,2025-04-27 09:37:54.315459
165,Nathan,Gilmore,nathan_gilmore_4113@hotmail.com,453-835-1664,2024-05-30 22:19:36.482692
166,Ronald,Obrien,ronald_obrien_190@yahoo.com,382-762-5570,2023-09-13 16:11:52.378896
167,Julia,Holt,julia_holt_4877@gmail.com,486-823-3993,2024-02-17 09:58:47.877692
168,Destiny,Quinn,destiny_quinn_3790@gmail.com,683-825-2318,2024-07-28 08:57:48.414301
169,Cheryl,Everett,cheryl_everett_8530@yahoo.com,018-230-1341,2025-01-10 06:56:16.324722
170,Andrew,Hensley,andrew_hensley_7241@yahoo.com,715-700-2686,2023-07-03 05:19:21.661664
171,Jonathan,Martin,jonathan_martin_2831@yahoo.com,642-640-8869,2025-01-23 04:12:38.266910
172,James,Fletcher,james_fletcher_9211@hotmail.com,822-845-3501,2025-01-03 15:39:15.365500
173,Charles,Hart,charles_hart_2015@gmail.com,199-025-6121,2024-08-13 16:36:52.892992
174,William,Thompson,william_thompson_4043@gmail.com,651-337-6480,2024-01-13 10:29:58.733296
175,Patrick,Kelly,patrick_kelly_5816@hotmail.com,644-576-7838,2023-08-20 17:47:44.642307
176,Patrick,Grant,patrick_grant_7984@hotmail.com,412-763-5752,2024-01-31 00:55:48.125097
177,Kimberly,Golden,kimberly_golden_9548@yahoo.com,165-449-8382,2023-08-07 05:11:25.452535
178,Michael,Decker,michael_decker_7709@yahoo.com,514-632-9987,2024-04-08 13:08:36.055164
179,Kathy,Bolton,kathy_bolton_2336@gmail.com,586-901-2537,2024-11-29 12:04:43.338202
180,Joshua,Mcintosh,joshua_mcintosh_3352@hotmail.com,741-695-8430,2023-09-15 13:52:20.441135
181,Destiny,Frye,destiny_frye_9751@hotmail.com,497-757-0093,2024-03-05 23:43:26.322206
182,Laura,Steele,laura_steele_8709@yahoo.com,599-427-5193,2024-11-03 09:07:04.009971
183,Robert,Vazquez,robert_vazquez_8063@hotmail.com,788-787-5546,2024-09-04 02:53:24.200798
184,Kelsey,Boyd,kelsey_boyd_8008@hotmail.com,948-763-9774,2024-03-08 12:23:41.730601
185,Thomas,Atkinson,thomas_atkinson_9013@hotmail.com,593-277-3146,2024-07-23 03:45:45.862001
186,Elizabeth,White,elizabeth_white_999@gmail.com,808-792-4211,2023-07-03 04:50:00.601777
187,Cynthia,Robinson,cynthia_robinson_6936@hotmail.com,225-141-1730,2023-10-24 03:44:34.650336
188,Alicia,Davis,alicia_davis_2342@hotmail.com,978-347-0229,2024-06-04 05:18:19.293318
189,Charles,Leon,charles_leon_6295@hotmail.com,847-748-9832,2023-07-10 18:47:59.368183
190,Mary,Walls,mary_walls_1403@gmail.com,195-777-0893,2025-03-10 06:16:40.271140
191,Rebecca,Green,rebecca_green_1603@hotmail.com,085-316-5468,2023-09-10 23:51:58.193646
192,Kelly,Abbott,kelly_abbott_1387@yahoo.com,338-585-6594,2024-11-01 02:26:30.730823
193,Dylan,Ball,dylan_ball_4970@yahoo.com,134-050-6029,2024-01-12 02:03:43.722483
194,Anthony,Richards,anthony_richards_7236@yahoo.com,999-951-6646,2024-09-19 14:02:37.393882
195,Joel,Price,joel_price_7127@yahoo.com,891-078-2229,2025-05-01 12:00:07.852862
196,Raymond,Hill,raymond_hill_2528@gmail.com,449-208-4081,2023-09-18 09:59:58.189476
197,Paul,Poole,paul_poole_2345@hotmail.com,477-668-9191,2024-10-15 18:33:54.037208
198,Jonathan,Jensen,jonathan_jensen_4776@gmail.com,255-129-1361,2024-10-07 20:26:42.657302
199,Darius,Buck,darius_buck_632@hotmail.com,036-008-5455,2023-07-19 15:41:38.914062
200,Jennifer,Mendez,jennifer_mendez_5535@yahoo.com,177-445-2523,2025-01-04 13:04:34.519783
201,Tammy,Hebert,tammy_hebert_1837@gmail.com,849-862-8866,2024-11-09 21:48:58.266920
202,Anthony,Stark,anthony_stark_1203@gmail.com,462-477-8707,2023-10-11 21:38:08.381371
203,Billy,Cummings,billy_cummings_6057@gmail.com,859-275-9901,2024-07-11 00:44:59.931156
204,Thomas,Williams,thomas_williams_1954@gmail.com,157-522-2121,2024-03-12 20:53:03.786881
205,Jeffery,Rivera,jeffery_rivera_6847@gmail.com,584-864-4655,2024-03-29 20:13:38.367397
206,Daisy,Alvarez,daisy_alvarez_6896@yahoo.com,180-537-2735,2024-10-23 01:37:14.586761
207,Christine,Harvey,christine_harvey_5201@yahoo.com,383-075-8798,2025-04-14 08:29:31.758524
208,Jennifer,Wright,jennifer_wright_9653@yahoo.com,182-922-1753,2023-07-18 19:35:43.887636
209,Calvin,Tran,calvin_tran_3354@hotmail.com,350-494-1464,2024-01-22 20:54:00.585569
210,Rachel,Avery,rachel_avery_5161@yahoo.com,315-233-9212,2024-06-27 22:42:20.850729
211,Jessica,Bishop,jessica_bishop_1435@gmail.com,881-734-1668,2024-05-19 19:08:32.319658
212,Andrea,Richardson,andrea_richardson_9655@gmail.com,493-220-3486,2025-02-10 03:11:53.856553
213,Judy,White,judy_white_4574@hotmail.com,543-630-9443,2024-10-02 03:26:24.159354
214,Edgar,Hamilton,edgar_hamilton_1775@yahoo.com,536-414-1878,2023-06-23 07:46:04.047800
215,Steven,Sosa,steven_sosa_6483@gmail.com,001-859-1938,2024-03-22 06:44:57.267474
216,Miguel,Lopez,miguel_lopez_6796@yahoo.com,192-750-3838,2024-07-01 06:00:09.633834
217,Arthur,Reid,arthur_reid_9494@hotmail.com,616-475-4889,2023-10-20 19:37:52.834261
218,Andrew,Christensen,andrew_christensen_4363@gmail.com,149-235-9829,2023-11-06 10:03:07.557310
219,Brandon,Jones,brandon_jones_2469@yahoo.com,530-022-0584,2024-08-04 21:47:09.406460
220,Brian,Scott,brian_scott_5831@gmail.com,819-365-2351,2024-03-03 22:22:25.044300
221,Rachael,Jones,rachael_jones_1549@hotmail.com,918-537-3201,2024-10-13 11:40:48.013051
222,Jennifer,Petersen,jennifer_petersen_6898@hotmail.com,313-328-5110,2024-05-17 08:30:30.032373
223,Anthony,Hart,anthony_hart_1722@hotmail.com,165-836-7061,2023-07-16 16:56:28.783472
224,James,Hoffman,james_hoffman_5481@yahoo.com,901-922-3014,2023-12-09 13:21:42.931313
225,Steven,Lee,steven_lee_9873@hotmail.com,468-361-8721,2023-11-26 08:14:10.732042
226,Henry,Peterson,henry_peterson_1714@yahoo.com,051-291-0082,2023-08-05 20:32:40.635000
227,Michelle,Perry,michelle_perry_8943@hotmail.com,172-615-1810,2023-06-18 10:28:53.398887
228,Michael,Santos,michael_santos_1791@gmail.com,055-242-4114,2024-07-18 02:57:33.623657
229,Beth,Hudson,beth_hudson_2116@hotmail.com,326-998-5004,2024-11-16 16:05:38.472168
230,Jennifer,Thomas,jennifer_thomas_998@gmail.com,366-647-9074,2025-03-17 02:35:04.326012
231,Melvin,Young,melvin_young_2200@gmail.com,606-706-8158,2024-10-02 03:10:56.793167
232,Melissa,Smith,melissa_smith_5695@gmail.com,404-434-2697,2024-03-14 23:38:01.963774
233,Olivia,Perry,olivia_perry_2349@hotmail.com,914-482-3951,2024-10-06 07:17:19.642821
234,Megan,Williams,megan_williams_8403@hotmail.com,064-115-6935,2023-08-21 08:27:29.688198
235,Richard,Little,richard_little_2237@hotmail.com,433-103-1057,2025-03-21 06:05:24.832253
236,Jennifer,Evans,jennifer_evans_7687@yahoo.com,426-593-1392,2024-05-17 12:41:34.950563
237,Heather,James,heather_james_6178@yahoo.com,418-583-3873,2024-07-06 07:58:16.048548
238,Tara,Williams,tara_williams_1237@hotmail.com,133-467-2817,2024-04-30 02:03:22.322588
239,Rebecca,Wright,rebecca_wright_8073@hotmail.com,200-697-8649,2024-04-29 06:12:19.116319
240,Kelly,Cook,kelly_cook_3879@yahoo.com,899-232-3647,2025-02-08 01:56:20.721637
241,Natalie,Lam,natalie_lam_8312@hotmail.com,421-445-8791,2024-08-12 02:18:51.501970
242,Gary,Medina,gary_medina_3500@gmail.com,561-304-7520,2024-09-25 01:30:18.202319
243,Stephanie,Smith,stephanie_smith_8715@yahoo.com,955-741-5261,2023-09-04 20:42:16.383245
244,Krista,Olson,krista_olson_5674@yahoo.com,034-964-6504,2025-05-04 22:45:58.675579
245,Joseph,Rivers,joseph_rivers_7668@yahoo.com,775-612-8274,2024-02-03 17:38:03.583880
246,Elizabeth,Daniel,elizabeth_daniel_7503@gmail.com,210-626-6327,2025-06-04 05:24:08.635799
247,Yvonne,Love,yvonne_love_689@gmail.com,542-817-3826,2023-11-18 20:30:29.211360
248,Jimmy,Gutierrez,jimmy_gutierrez_3524@yahoo.com,747-078-3054,2025-04-16 03:04:16.219180
249,Michele,Patel,michele_patel_5670@yahoo.com,663-218-5302,2024-04-14 14:22:14.262715
250,Connor,Harper,connor_harper_619@gmail.com,118-702-6735,2024-03-10 03:26:18.834228
251,Amy,Howard,amy_howard_6893@gmail.com,871-526-6761,2024-04-19 17:24:00.986259
252,Heather,Hernandez,heather_hernandez_7656@gmail.com,415-865-3013,2023-08-30 13:02:01.393638
253,Tony,Huynh,tony_huynh_1913@hotmail.com,090-197-0792,2025-02-24 23:36:31.721405
254,Thomas,Shaffer,thomas_shaffer_7108@gmail.com,217-550-0301,2024-10-17 17:46:07.673263
255,Barbara,Todd,barbara_todd_3895@hotmail.com,156-812-8425,2025-02-08 21:12:38.146189
256,Jesse,Rodriguez,jesse_rodriguez_1679@hotmail.com,442-422-5627,2024-11-18 13:42:03.925532
257,Kimberly,Brooks,kimberly_brooks_6184@gmail.com,728-336-1773,2024-05-21 16:35:16.196312
258,Pamela,Hall,pamela_hall_2039@yahoo.com,145-662-3467,2024-06-26 01:45:42.253085
259,Maria,Haley,maria_haley_3743@yahoo.com,596-080-2316,2025-02-25 19:09:00.519609
260,Ray,Johnson,ray_johnson_1977@gmail.com,034-389-7923,2025-03-08 07:45:11.146265
261,Christopher,Ferguson,christopher_ferguson_8610@gmail.com,162-850-6666,2024-08-14 21:23:15.485610
262,Taylor,Chaney,taylor_chaney_2992@hotmail.com,895-107-6159,2023-08-31 22:39:51.240459
263,Allison,Perez,allison_perez_8358@yahoo.com,716-942-7992,2024-02-15 11:06:38.672232
264,Cynthia,Roach,cynthia_roach_116@gmail.com,425-082-3244,2024-05-03 23:18:21.722959
265,Jill,Palmer,jill_palmer_9051@yahoo.com,213-038-9593,2024-02-23 19:57:44.349764
266,Angie,Campbell,angie_campbell_6664@gmail.com,496-960-3078,2025-03-04 17:34:17.172267
267,Lindsey,Mcintyre,lindsey_mcintyre_6981@yahoo.com,820-109-6100,2024-02-13 05:35:19.778449
268,John,Martin,john_martin_405@yahoo.com,972-112-1366,2023-08-01 05:59:05.704748
269,Frances,Perez,frances_perez_508@yahoo.com,132-820-8265,2024-04-06 15:28:10.292417
270,Jason,Singh,jason_singh_3439@hotmail.com,039-453-9961,2024-06-15 06:14:56.087335
271,Keith,Johnson,keith_johnson_1668@yahoo.com,941-886-4420,2024-11-04 12:35:45.333912
272,Scott,Robinson,scott_robinson_3395@gmail.com,471-049-7683,2025-03-16 13:29:20.018317
273,Cynthia,Wilson,cynthia_wilson_4273@yahoo.com,665-275-3323,2024-01-15 07:20:40.398315
274,Jennifer,Li,jennifer_li_7643@yahoo.com,986-321-4331,2024-04-22 06:07:39.948324
275,Brittany,Salazar,brittany_salazar_15@hotmail.com,782-794-5782,2024-11-20 09:49:57.925352
276,Anna,Taylor,anna_taylor_8022@yahoo.com,535-756-8440,2024-06-17 19:04:00.197943
277,David,Smith,david_smith_6461@gmail.com,229-479-5480,2025-05-24 13:22:47.795964
278,Michelle,Mckee,michelle_mckee_5706@yahoo.com,963-364-2544,2023-09-23 20:47:00.927794
279,Vincent,Wolf,vincent_wolf_4081@hotmail.com,538-266-6447,2024-10-06 07:08:41.795242
280,Autumn,Young,autumn_young_2490@yahoo.com,236-388-2124,2024-05-24 12:34:53.194035
281,Joseph,Castro,joseph_castro_9943@hotmail.com,621-649-0755,2023-11-24 08:50:48.401844
282,Michael,Perry,michael_perry_799@hotmail.com,473-479-0457,2023-10-20 19:56:50.503887
283,Bobby,Brown,bobby_brown_2005@hotmail.com,098-775-7045,2024-03-05 00:43:08.455673
284,Tina,Gonzalez,tina_gonzalez_7763@hotmail.com,740-306-1560,2023-09-29 17:44:38.744280
285,Jeff,Mccoy,jeff_mccoy_1432@gmail.com,658-356-0527,2024-09-13 05:33:30.423222
286,Deborah,Avery,deborah_avery_4712@gmail.com,820-102-0019,2024-11-10 21:02:45.241234
287,Brett,Fletcher,brett_fletcher_2907@yahoo.com,640-146-6520,2023-12-22 16:43:04.616073
288,Penny,Henry,penny_henry_9264@gmail.com,902-391-2983,2024-07-23 04:25:37.345482
289,William,Cooper,william_cooper_8007@gmail.com,772-152-2683,2024-11-05 23:20:21.528919
290,Larry,Duncan,larry_duncan_1766@yahoo.com,554-427-8419,2025-05-02 13:04:46.115234
291,William,West,william_west_7715@gmail.com,636-296-3633,2024-07-05 19:13:02.542088
292,John,Odonnell,john_odonnell_5486@yahoo.com,436-060-7870,2024-07-09 20:15:56.890933
293,Matthew,Hamilton,matthew_hamilton_1807@yahoo.com,869-640-3181,2023-09-18 07:36:29.542307
294,Jennifer,Allen,jennifer_allen_2387@yahoo.com,331-755-5642,2025-02-12 16:06:22.108751
295,Zoe,Cantu,zoe_cantu_8803@yahoo.com,720-571-4063,2025-05-03 21:29:01.766563
296,Michael,Powers,michael_powers_1509@gmail.com,517-082-4222,2024-11-02 11:18:26.176378
297,Alicia,Miller,alicia_miller_7844@gmail.com,981-209-1958,2023-07-08 15:14:20.171153
298,Pamela,Butler,pamela_butler_7585@yahoo.com,243-671-9350,2024-02-29 15:05:32.213540
299,Joseph,Bennett,joseph_bennett_404@yahoo.com,046-236-7527,2024-02-25 08:44:05.502374
300,Holly,Morris,holly_morris_7964@gmail.com,176-363-8043,2024-03-02 03:01:37.781086
301,Spencer,Beck,spencer_beck_8942@yahoo.com,293-289-0917,2024-04-01 19:16:41.415667
302,Joyce,Hudson,joyce_hudson_8872@gmail.com,067-871-6223,2024-12-13 07:28:32.749764
303,James,Evans,james_evans_8718@yahoo.com,036-449-2797,2023-10-02 18:06:18.579361
304,Lori,Hughes,lori_hughes_2232@hotmail.com,448-911-5996,2023-06-29 00:02:03.187654
305,Joshua,Wilson,joshua_wilson_6940@hotmail.com,957-444-9567,2023-10-29 22:17:15.660160
306,Mary,Matthews,mary_matthews_3520@hotmail.com,220-618-7283,2024-01-30 06:24:27.943655
307,Nathan,Mclaughlin,nathan_mclaughlin_8447@hotmail.com,244-253-9335,2024-11-04 22:36:00.841628
308,Jill,Anderson,jill_anderson_6977@hotmail.com,023-552-0013,2023-07-31 02:07:46.200087
309,Lori,Thornton,lori_thornton_5115@yahoo.com,702-207-1544,2024-11-17 07:34:46.438263
310,Denise,Mccoy,denise_mccoy_2560@gmail.com,769-142-0767,2024-05-02 20:55:35.338685
311,John,Hampton,john_hampton_6871@hotmail.com,486-925-5356,2024-02-06 23:35:19.508674
312,Nathaniel,Arroyo,nathaniel_arroyo_6734@yahoo.com,446-400-9791,2024-04-22 14:55:27.187068
313,Larry,Cline,larry_cline_543@hotmail.com,547-265-5966,2024-04-23 10:38:15.982649
314,Rebecca,Johnson,rebecca_johnson_6844@yahoo.com,647-174-4764,2024-01-02 18:50:03.626642
315,Martha,Aguirre,martha_aguirre_5406@hotmail.com,530-044-7269,2023-08-12 10:29:20.186963
316,Aaron,Cox,aaron_cox_2902@yahoo.com,240-674-8886,2024-08-09 18:36:41.150478
317,Jorge,Davis,jorge_davis_161@hotmail.com,736-560-5068,2023-10-03 20:28:33.110268
318,Amy,Vazquez,amy_vazquez_737@hotmail.com,235-698-6975,2025-05-30 11:22:47.127446
319,Lynn,Torres,lynn_torres_2316@hotmail.com,444-419-8918,2024-10-21 01:54:13.928001
320,Jennifer,Duncan,jennifer_duncan_8160@gmail.com,856-442-5604,2023-12-11 03:06:55.689959
321,Brianna,Tate,brianna_tate_4483@hotmail.com,351-830-0561,2024-05-20 01:56:45.863968
322,Edward,Carter,edward_carter_5323@gmail.com,753-449-6303,2025-05-10 18:51:33.046813
323,Michael,Clay,michael_clay_8162@hotmail.com,020-910-2688,2024-08-11 18:30:13.323638
324,Jesse,Chen,jesse_chen_5904@gmail.com,459-420-3325,2024-08-16 21:06:41.172785
325,David,Gonzales,david_gonzales_7277@gmail.com,938-302-9702,2024-11-10 21:14:47.652184
326,Jennifer,Farmer,jennifer_farmer_4472@gmail.com,449-694-2049,2024-01-12 04:45:10.057473
327,Randy,Butler,randy_butler_10000@gmail.com,344-273-2440,2024-07-03 03:36:24.044235
328,James,Farmer,james_farmer_3198@gmail.com,251-080-3411,2023-07-10 11:09:09.809062
329,William,Salazar,william_salazar_5853@hotmail.com,262-478-1005,2024-02-24 15:36:02.052126
330,Denise,Palmer,denise_palmer_7594@yahoo.com,844-270-4093,2025-06-06 12:23:27.164535
331,Manuel,Lewis,manuel_lewis_4673@yahoo.com,879-240-3274,2023-08-11 23:55:01.870438
332,Amber,Johnson,amber_johnson_1778@gmail.com,237-468-8125,2025-04-25 06:33:15.662899
333,Jeffrey,Gardner,jeffrey_gardner_6996@hotmail.com,154-805-0701,2025-01-15 16:13:01.753020
334,Pamela,Miller,pamela_miller_5198@hotmail.com,934-241-1494,2024-05-25 11:02:56.738419
335,Michael,Hamilton,michael_hamilton_6689@gmail.com,782-283-0073,2023-08-04 21:27:24.384270
336,Nicholas,Jackson,nicholas_jackson_459@hotmail.com,299-944-9982,2024-11-25 23:35:13.422514
337,Kimberly,Woods,kimberly_woods_9600@gmail.com,872-676-1266,2024-05-06 23:25:43.196733
338,Steven,Williams,steven_williams_1494@gmail.com,963-154-7994,2025-04-16 20:14:46.243947
339,Perry,Smith,perry_smith_2908@hotmail.com,498-298-5360,2023-06-21 09:42:02.147780
340,Jamie,Baldwin,jamie_baldwin_1385@yahoo.com,485-341-9410,2024-11-30 09:55:28.463543
341,Jesse,Small,jesse_small_8101@gmail.com,382-193-1155,2025-04-11 20:40:29.258514
342,Gilbert,Davis,gilbert_davis_6022@yahoo.com,856-386-7535,2025-05-16 08:35:35.986372
343,Scott,Johnson,scott_johnson_8453@gmail.com,331-729-7787,2024-08-03 03:07:31.429224
344,Nicole,Wheeler,nicole_wheeler_873@hotmail.com,721-790-0600,2024-11-03 02:04:20.078833
345,Joseph,Hall,joseph_hall_830@gmail.com,876-738-1879,2024-11-02 13:44:19.097360
346,Pamela,Leon,pamela_leon_8668@yahoo.com,162-430-8143,2025-04-04 15:34:50.204302
347,Kelsey,Jones,kelsey_jones_9648@gmail.com,680-467-0711,2023-11-25 00:40:58.961224
348,Julie,Krause,julie_krause_4177@hotmail.com,022-027-7669,2024-10-19 07:47:09.462296
349,Misty,Brown,misty_brown_7579@gmail.com,474-352-5791,2023-12-06 23:42:53.630048
350,Sarah,Gibson,sarah_gibson_3946@gmail.com,183-701-0147,2023-12-05 18:49:05.976583
351,Tyler,Porter,tyler_porter_7670@gmail.com,576-295-4606,2024-01-27 03:18:58.897776
352,Ryan,Mcclure,ryan_mcclure_9079@hotmail.com,380-515-4986,2024-07-11 03:24:32.030353
353,Barbara,Cruz,barbara_cruz_788@gmail.com,579-953-1728,2024-12-27 19:01:23.915438
354,John,Villanueva,john_villanueva_7920@gmail.com,774-923-3839,2024-02-01 23:58:29.030190
355,Daniel,Davis,daniel_davis_6604@gmail.com,818-404-8866,2025-02-13 06:00:46.216237
356,Mary,Hawkins,mary_hawkins_9070@gmail.com,133-985-1080,2023-09-01 16:10:46.613319
357,Sharon,Mathews,sharon_mathews_2497@hotmail.com,219-342-3450,2023-08-31 00:55:17.535119
358,Jesus,Cunningham,jesus_cunningham_1361@yahoo.com,681-420-5332,2024-04-17 21:23:00.270727
359,Jessica,Diaz,jessica_diaz_5082@hotmail.com,981-850-5904,2023-09-09 23:57:34.612416
360,Paul,Lin,paul_lin_4397@gmail.com,420-720-3250,2024-02-07 00:44:09.909808
361,Nancy,Hill,nancy_hill_7169@gmail.com,909-950-7319,2025-03-03 02:16:57.970315
362,Dawn,Fischer,dawn_fischer_6404@gmail.com,359-270-2870,2024-03-25 08:03:30.917361
363,Laura,Carter,laura_carter_1068@hotmail.com,825-888-9419,2024-12-17 17:51:47.684323
364,April,Hall,april_hall_2228@gmail.com,024-998-1631,2025-04-23 09:09:26.438658
365,Cindy,Avery,cindy_avery_4637@gmail.com,965-705-4841,2024-06-18 07:08:26.799823
366,Michele,Gonzalez,michele_gonzalez_534@hotmail.com,981-295-0254,2024-08-12 22:02:56.169254
367,Shelly,Logan,shelly_logan_5896@hotmail.com,362-391-6591,2024-06-03 19:36:06.826567
368,Anna,Simon,anna_simon_6461@yahoo.com,721-832-1573,2024-09-29 18:55:06.150203
369,Allison,Silva,allison_silva_378@hotmail.com,152-604-3991,2025-05-01 14:47:08.640491
370,Larry,Gonzales,larry_gonzales_1528@yahoo.com,681-735-9472,2023-08-19 21:42:15.719232
371,Steven,Lang,steven_lang_3250@yahoo.com,451-504-5988,2024-02-27 18:56:01.320348
372,Donald,Watts,donald_watts_654@hotmail.com,472-753-0114,2024-10-08 11:15:47.798752
373,Kevin,Keller,kevin_keller_107@yahoo.com,915-981-8413,2024-01-04 15:39:47.961275
374,Cody,Bell,cody_bell_8117@yahoo.com,427-667-6929,2023-10-23 10:38:03.269457
375,Ana,Ross,ana_ross_6491@yahoo.com,373-507-7371,2024-05-16 17:06:36.670527
376,Raymond,Roth,raymond_roth_39@yahoo.com,190-256-4503,2024-03-29 19:40:08.019563
377,Brandon,Conway,brandon_conway_6630@hotmail.com,053-459-8140,2024-08-18 16:08:35.545299
378,Tony,Owens,tony_owens_9066@gmail.com,063-182-4422,2025-06-12 07:18:40.893544
379,Taylor,Jordan,taylor_jordan_2793@hotmail.com,506-805-4486,2024-09-24 15:30:16.456294
380,Sean,Rogers,sean_rogers_4472@gmail.com,050-159-9862,2024-07-13 11:59:21.684988
381,Kenneth,Olson,kenneth_olson_872@hotmail.com,463-907-9026,2024-09-29 00:13:09.477242
382,Timothy,Franklin,timothy_franklin_3793@yahoo.com,320-650-1439,2024-06-09 21:18:21.279205
383,Matthew,Acosta,matthew_acosta_540@gmail.com,568-812-2540,2024-11-21 12:09:52.008211
384,Rebecca,Maddox,rebecca_maddox_4826@hotmail.com,238-303-4247,2023-07-03 15:35:59.894304
385,Jeffrey,Peters,jeffrey_peters_288@yahoo.com,741-388-6395,2025-02-08 02:25:50.254286
386,Amanda,Ellis,amanda_ellis_3306@yahoo.com,231-153-6748,2024-10-10 12:51:02.826081
387,Matthew,Donovan,matthew_donovan_6364@hotmail.com,485-604-8828,2024-08-23 05:36:22.558095
388,Theresa,Smith,theresa_smith_5819@hotmail.com,035-554-7898,2024-03-13 15:08:05.753206
389,Mariah,Perez,mariah_perez_9773@hotmail.com,491-717-3616,2024-12-16 19:00:35.455464
390,Alex,Marquez,alex_marquez_6274@hotmail.com,191-461-0479,2023-11-05 12:55:37.633759
391,Cody,Chavez,cody_chavez_1224@hotmail.com,782-241-1686,2024-03-15 03:57:14.827764
392,Victor,Bates,victor_bates_3988@yahoo.com,079-691-7960,2024-04-06 10:09:32.846242
393,Erin,Mitchell,erin_mitchell_5525@yahoo.com,138-177-3826,2024-05-16 04:40:11.328545
394,Kelly,Gonzales,kelly_gonzales_5824@gmail.com,156-406-2262,2024-07-07 07:46:26.970153
395,Cindy,Copeland,cindy_copeland_9053@yahoo.com,946-379-5033,2023-11-08 15:38:06.440811
396,Brooke,Jones,brooke_jones_464@yahoo.com,950-784-4871,2023-12-03 02:12:55.340534
397,Clinton,Bradley,clinton_bradley_535@hotmail.com,204-902-6522,2025-04-21 19:10:58.638778
398,Rachel,Murillo,rachel_murillo_9651@yahoo.com,743-799-2147,2024-11-04 22:10:28.587918
399,Edward,Nelson,edward_nelson_3901@hotmail.com,382-244-9577,2025-06-10 16:26:24.856281
400,David,Hernandez,david_hernandez_6684@hotmail.com,213-925-8301,2023-11-27 01:14:56.056676
401,Victor,Clark,victor_clark_9503@gmail.com,434-630-5270,2023-09-26 15:41:08.491734
402,Mark,May,mark_may_7657@gmail.com,546-278-9414,2023-11-21 00:23:03.386164
403,Wanda,Ellison,wanda_ellison_2664@hotmail.com,658-500-7281,2024-04-12 00:49:47.408475
404,Jaime,Sanders,jaime_sanders_5716@yahoo.com,110-360-3091,2024-01-29 13:05:12.083811
405,Natasha,Williams,natasha_williams_1269@yahoo.com,378-781-4938,2023-10-03 05:08:19.080254
406,Nathan,Chavez,nathan_chavez_5688@gmail.com,424-554-2696,2024-02-03 11:54:44.460832
407,Teresa,Mills,teresa_mills_5681@hotmail.com,398-787-3145,2023-08-28 01:07:57.250050
408,Traci,Maddox,traci_maddox_8218@yahoo.com,392-197-1574,2025-01-12 03:55:57.394207
409,Toni,Pacheco,toni_pacheco_6314@hotmail.com,014-149-5201,2025-05-12 23:44:29.057642
410,Philip,Harrison,philip_harrison_1521@gmail.com,097-968-5842,2023-08-15 05:52:45.311442
411,Leah,Young,leah_young_6704@hotmail.com,952-485-9286,2024-01-10 20:15:50.460983
412,Timothy,Martinez,timothy_martinez_1125@gmail.com,027-357-3745,2024-09-30 05:54:40.277920
413,Michelle,Contreras,michelle_contreras_5839@hotmail.com,623-666-2899,2025-05-31 23:33:03.339273
414,Kevin,Moore,kevin_moore_7697@yahoo.com,572-669-7890,2024-12-15 05:18:34.826403
415,Daniel,Freeman,daniel_freeman_9915@gmail.com,906-796-4300,2025-02-14 18:32:27.588044
416,Stacey,Bradley,stacey_bradley_2364@yahoo.com,666-830-0676,2024-03-16 15:12:26.310480
417,Robert,Barnett,robert_barnett_3048@yahoo.com,761-023-8531,2024-06-10 19:24:00.577557
418,Anthony,Nunez,anthony_nunez_9479@yahoo.com,274-771-6674,2023-08-15 07:33:51.366827
419,Samuel,Jenkins,samuel_jenkins_9609@hotmail.com,004-440-4054,2023-07-18 13:53:40.017182
420,Jacob,Ramsey,jacob_ramsey_4940@yahoo.com,440-913-1166,2023-06-30 13:53:47.582718
421,Dawn,Mcintyre,dawn_mcintyre_8596@yahoo.com,860-078-6698,2024-04-13 01:56:14.689741
422,Carol,Cobb,carol_cobb_5271@gmail.com,025-462-8699,2023-07-26 07:52:51.286335
423,Teresa,Mcpherson,teresa_mcpherson_2069@hotmail.com,823-604-6933,2023-07-22 14:56:56.983459
424,Beverly,Wright,beverly_wright_7361@gmail.com,889-172-3562,2025-04-23 22:33:04.524598
425,Ronald,Evans,ronald_evans_5518@gmail.com,914-370-6908,2025-04-23 12:31:08.402569
426,Thomas,Santiago,thomas_santiago_4622@yahoo.com,382-398-3397,2024-01-06 15:44:02.790115
427,Bonnie,Anderson,bonnie_anderson_2191@hotmail.com,984-231-9661,2024-09-26 19:33:11.046568
428,John,Lewis,john_lewis_261@gmail.com,556-916-8946,2024-10-01 12:36:23.249597
429,David,Schneider,david_schneider_9842@hotmail.com,755-060-6538,2024-06-12 12:46:30.504665
430,Theresa,Clark,theresa_clark_1736@hotmail.com,610-293-8139,2023-07-03 08:01:41.360216
431,Jaime,Wallace,jaime_wallace_9576@yahoo.com,453-458-1036,2025-06-04 23:37:49.585287
432,Brittney,Vaughn,brittney_vaughn_1687@gmail.com,210-235-8537,2024-12-01 23:04:16.986336
433,Micheal,Roberts,micheal_roberts_5625@hotmail.com,935-979-5253,2024-12-31 00:12:13.784917
434,Bobby,Stevens,bobby_stevens_117@gmail.com,228-448-5846,2025-04-24 01:03:35.415952
435,Michelle,Branch,michelle_branch_7990@gmail.com,478-816-1449,2024-08-07 11:22:48.943932
436,Amanda,Donovan,amanda_donovan_2076@gmail.com,083-788-9342,2024-06-05 17:01:46.820473
437,Robert,Stevens,robert_stevens_7609@gmail.com,564-009-5287,2024-11-20 15:09:41.393322
438,Eugene,Flores,eugene_flores_1043@yahoo.com,136-122-1828,2024-11-11 04:37:36.077453
439,Angela,Paul,angela_paul_7975@hotmail.com,567-384-4222,2023-09-12 01:55:00.351009
440,Lisa,Thomas,lisa_thomas_2879@gmail.com,154-111-9353,2024-05-25 05:36:17.991708
441,Dalton,Riley,dalton_riley_2439@yahoo.com,212-191-2808,2025-05-22 15:10:03.589619
442,Jeffery,Davis,jeffery_davis_2559@yahoo.com,262-484-5634,2023-11-06 15:31:52.257884
443,Micheal,Gregory,micheal_gregory_1625@hotmail.com,537-803-5050,2025-01-05 12:02:51.476488
444,Sean,Steele,sean_steele_2075@gmail.com,113-632-7988,2025-04-30 14:59:47.309059
445,Christopher,Miles,christopher_miles_2030@gmail.com,507-874-0089,2025-06-12 23:54:48.559487
446,Jennifer,Spencer,jennifer_spencer_3032@hotmail.com,194-343-6909,2023-10-19 18:47:13.970848
447,Sarah,Smith,sarah_smith_6921@gmail.com,206-011-7361,2023-06-30 01:26:24.357902
448,Jeffrey,Johnson,jeffrey_johnson_6648@yahoo.com,461-470-9424,2024-01-03 06:16:16.396310
449,Tammy,Hill,tammy_hill_7280@yahoo.com,947-083-9868,2024-05-17 08:59:25.050664
450,James,Clark,james_clark_5452@hotmail.com,501-265-6133,2024-03-08 13:12:34.501710
451,Amy,Alexander,amy_alexander_8980@hotmail.com,924-578-1477,2025-01-04 18:47:40.814686
452,David,White,david_white_5215@yahoo.com,766-238-2526,2023-08-09 06:07:54.494685
453,John,Williams,john_williams_4673@hotmail.com,653-881-1195,2025-05-30 23:31:28.894655
454,William,Knox,william_knox_3611@yahoo.com,442-441-1165,2023-07-20 08:30:17.409248
455,Michael,Le,michael_le_7253@yahoo.com,674-387-8449,2025-03-21 20:05:38.564788
456,Ashley,Reyes,ashley_reyes_4602@gmail.com,462-068-6984,2024-04-14 09:54:56.891631
457,Deborah,Smith,deborah_smith_5810@hotmail.com,921-152-6080,2024-01-08 21:13:38.218960
458,Nathan,Allen,nathan_allen_7948@yahoo.com,759-428-0127,2024-07-11 18:25:49.791838
459,Ashley,Brewer,ashley_brewer_5382@yahoo.com,926-758-2704,2023-08-30 18:08:26.083682
460,Katie,Lopez,katie_lopez_6447@yahoo.com,596-557-4763,2024-12-26 00:27:27.754174
461,Deanna,Romero,deanna_romero_7224@hotmail.com,929-886-0795,2023-11-24 23:05:43.710498
462,Stephen,Rivera,stephen_rivera_8831@gmail.com,116-130-4943,2023-11-24 02:07:58.217545
463,Harold,Johnson,harold_johnson_604@hotmail.com,417-796-2935,2024-09-28 10:47:16.823145
464,Brent,Thompson,brent_thompson_8739@yahoo.com,851-244-6081,2024-07-26 02:28:52.581149
465,Kathleen,Johnson,kathleen_johnson_6769@gmail.com,471-499-9412,2023-07-01 15:26:06.062831
466,Matthew,Evans,matthew_evans_6435@hotmail.com,305-971-7092,2025-01-07 09:45:33.775738
467,Thomas,Shaw,thomas_shaw_7109@yahoo.com,204-343-2932,2024-12-06 23:10:30.925131
468,Joan,Wolf,joan_wolf_7174@yahoo.com,408-955-6319,2025-01-14 13:05:09.541215
469,John,Miller,john_miller_233@gmail.com,162-891-3688,2025-04-16 21:16:21.901805
470,James,Kelly,james_kelly_5615@hotmail.com,504-892-6602,2025-03-14 14:04:28.703123
471,Cynthia,Rosales,cynthia_rosales_2996@hotmail.com,129-567-3033,2024-01-23 02:34:19.241003
472,Suzanne,Weaver,suzanne_weaver_834@hotmail.com,610-815-6839,2024-01-02 04:39:48.419740
473,Edward,Griffin,edward_griffin_9642@hotmail.com,478-293-1417,2023-10-09 00:42:46.771886
474,Richard,Morrison,richard_morrison_5740@gmail.com,498-510-4173,2024-03-13 12:27:53.592883
475,James,Rodriguez,james_rodriguez_7986@yahoo.com,039-260-4112,2023-10-07 20:51:51.248950
476,Matthew,Rogers,matthew_rogers_9741@yahoo.com,822-051-4234,2023-08-04 13:08:34.249304
477,Cheryl,Ford,cheryl_ford_1515@yahoo.com,663-066-9208,2025-04-18 21:51:20.871022
478,Samantha,Weber,samantha_weber_7305@hotmail.com,300-838-3657,2024-09-02 20:08:20.040465
479,Steven,Park,steven_park_9008@yahoo.com,779-013-0807,2025-05-09 22:48:18.955142
480,Stephanie,Floyd,stephanie_floyd_8437@gmail.com,533-903-6109,2024-12-24 10:43:04.913287
481,Todd,Benjamin,todd_benjamin_4113@yahoo.com,674-407-8389,2024-01-30 04:58:57.220830
482,Kim,Stout,kim_stout_4593@yahoo.com,200-955-1147,2024-04-23 05:38:29.400510
483,Eugene,Martin,eugene_martin_7999@hotmail.com,846-478-1258,2024-08-05 21:11:18.204775
484,Nancy,Gates,nancy_gates_1067@hotmail.com,135-092-5499,2023-12-29 04:02:28.941311
485,Ryan,Mason,ryan_mason_7874@gmail.com,463-095-0278,2023-11-14 15:33:42.116242
486,Dennis,Adams,dennis_adams_6420@gmail.com,522-649-5917,2023-11-17 20:35:20.364609
487,Jon,Coleman,jon_coleman_5592@gmail.com,405-839-2432,2024-06-01 02:24:08.514562
488,Tanya,Bowen,tanya_bowen_206@gmail.com,713-730-4816,2024-01-26 19:39:19.284735
489,Christina,Ward,christina_ward_890@yahoo.com,036-091-8102,2023-06-28 19:06:54.555851
490,Kimberly,Perez,kimberly_perez_4900@gmail.com,954-303-9587,2024-06-08 21:48:51.671538
491,Justin,Cox,justin_cox_5091@gmail.com,585-807-2869,2024-03-12 04:50:51.789558
492,Emily,Doyle,emily_doyle_7326@gmail.com,897-614-7748,2023-11-14 01:21:32.592867
493,Emily,Turner,emily_turner_661@hotmail.com,574-042-8556,2024-02-29 10:16:13.341182
494,Sandra,Freeman,sandra_freeman_3808@yahoo.com,100-118-3674,2024-02-27 08:29:20.019521
495,James,Townsend,james_townsend_5649@yahoo.com,476-322-5958,2024-05-06 01:38:16.837861
496,Michael,Odonnell,michael_odonnell_8359@gmail.com,329-532-3506,2025-04-06 06:02:52.703934
497,Elizabeth,Green,elizabeth_green_3041@hotmail.com,985-953-7531,2025-05-10 16:45:16.991331
498,Natalie,Carter,natalie_carter_3355@gmail.com,814-752-1611,2025-03-09 15:17:52.166662
499,Cynthia,Nolan,cynthia_nolan_7438@yahoo.com,223-567-5702,2024-02-18 16:07:53.667010
500,Cole,Wolfe,cole_wolfe_6972@hotmail.com,653-382-1906,2023-11-12 12:38:34.775930
501,Timothy,Mora,timothy_mora_750@hotmail.com,155-082-5873,2024-06-17 05:06:29.791976
502,Suzanne,Reyes,suzanne_reyes_1958@hotmail.com,505-304-2437,2024-02-14 12:45:44.388376
503,Anthony,Davis,anthony_davis_2274@yahoo.com,615-913-4950,2024-06-06 16:12:48.372643
504,Crystal,Morrow,crystal_morrow_5398@yahoo.com,318-965-2314,2024-03-24 22:59:54.850644
505,Melissa,Scott,melissa_scott_282@hotmail.com,021-157-7573,2023-11-10 23:01:42.981794
506,Rachel,Neal,rachel_neal_5091@gmail.com,524-789-9721,2024-07-07 22:59:30.929482
507,Sara,Huffman,sara_huffman_5077@gmail.com,070-483-0768,2024-05-01 22:56:46.889298
508,Jill,Smith,jill_smith_8151@gmail.com,114-371-0809,2023-08-14 09:54:12.668596
509,Kaitlyn,Clarke,kaitlyn_clarke_1807@hotmail.com,527-280-6494,2024-11-05 02:29:11.061007
510,Lisa,Adkins,lisa_adkins_5541@hotmail.com,818-170-1287,2025-02-28 00:05:47.701651
511,Monica,Banks,monica_banks_541@yahoo.com,188-263-4619,2024-09-12 09:31:00.365412
512,Stephanie,Carter,stephanie_carter_1601@yahoo.com,520-307-7435,2025-03-08 13:33:36.414975
513,Caleb,Romero,caleb_romero_9600@yahoo.com,090-312-6975,2025-01-14 03:30:59.776955
514,John,Hughes,john_hughes_7929@hotmail.com,768-878-7467,2025-01-17 04:09:04.474974
515,Matthew,Reyes,matthew_reyes_8733@hotmail.com,865-563-9826,2025-05-20 06:48:39.599803
516,Brian,Martinez,brian_martinez_299@yahoo.com,866-271-1834,2025-02-13 00:59:25.374982
517,Margaret,Glover,margaret_glover_2989@gmail.com,643-724-6830,2023-08-21 16:29:00.817640
518,Cheryl,Whitney,cheryl_whitney_8219@yahoo.com,414-769-7122,2024-08-21 00:50:40.697722
519,Jeremy,Lambert,jeremy_lambert_7931@yahoo.com,499-746-1774,2025-04-10 05:03:49.031971
520,James,Mccormick,james_mccormick_4299@yahoo.com,978-231-1542,2024-10-12 06:45:02.218980
521,Tracy,Howard,tracy_howard_6000@gmail.com,257-848-2719,2024-06-28 15:51:51.774506
522,Jennifer,Mack,jennifer_mack_484@hotmail.com,529-989-6917,2024-04-23 22:56:26.943113
523,Andrew,Holmes,andrew_holmes_2401@hotmail.com,243-803-1006,2024-02-23 16:01:49.193943
524,Melissa,Pitts,melissa_pitts_1556@hotmail.com,072-543-5697,2025-03-02 19:11:27.098676
525,Jessica,Garcia,jessica_garcia_2056@yahoo.com,410-987-1216,2024-10-29 20:07:53.653087
526,Matthew,Reynolds,matthew_reynolds_2197@gmail.com,409-648-1415,2024-05-21 19:49:28.161090
527,Kyle,Yates,kyle_yates_7530@yahoo.com,958-444-2518,2024-06-05 18:55:10.026273
528,Paul,Hayes,paul_hayes_9377@gmail.com,041-254-2287,2024-08-08 07:28:18.134396
529,Lisa,Perez,lisa_perez_277@gmail.com,317-031-6069,2023-11-13 20:52:07.612694
530,Megan,Potts,megan_potts_7795@gmail.com,670-778-3862,2024-01-11 21:03:36.323248
531,Bryan,Gilmore,bryan_gilmore_8459@hotmail.com,192-926-4524,2023-07-03 08:17:02.257513
532,Elijah,Singh,elijah_singh_7347@yahoo.com,612-057-0222,2025-06-06 18:22:06.947605
533,Rachel,Larson,rachel_larson_8037@yahoo.com,700-149-6385,2024-12-05 13:39:29.854033
534,Jodi,Diaz,jodi_diaz_7389@gmail.com,975-298-0889,2025-03-28 14:40:29.489038
535,Justin,Roberts,justin_roberts_360@hotmail.com,027-301-3867,2024-12-29 06:04:57.523334
536,Alejandro,Cruz,alejandro_cruz_9880@hotmail.com,747-726-3576,2024-12-31 07:45:36.029166
537,Michelle,Singleton,michelle_singleton_5349@yahoo.com,300-439-4411,2025-01-14 03:43:41.818454
538,Patrick,Lamb,patrick_lamb_9545@yahoo.com,974-040-6334,2023-07-13 11:35:53.323748
539,Michael,Anderson,michael_anderson_6393@gmail.com,337-300-8410,2024-06-06 03:29:10.571501
540,Jon,Howell,jon_howell_5970@yahoo.com,393-266-0947,2023-11-14 12:57:55.622173
541,Antonio,Crawford,antonio_crawford_9358@gmail.com,735-849-9350,2024-02-12 08:23:44.337148
542,Scott,Acosta,scott_acosta_1471@gmail.com,037-042-5501,2023-12-04 17:07:58.912094
543,Philip,Barnes,philip_barnes_6288@hotmail.com,606-932-0391,2023-11-15 16:27:36.274035
544,Nathan,Woods,nathan_woods_242@hotmail.com,227-686-6824,2025-01-19 14:26:19.638885
545,Donald,Duffy,donald_duffy_1539@yahoo.com,063-608-9049,2023-11-29 01:22:40.596805
546,Amanda,Wilson,amanda_wilson_8497@hotmail.com,093-836-1169,2023-09-06 21:13:09.818972
547,Brandy,Davis,brandy_davis_5217@hotmail.com,897-547-6130,2024-09-08 17:37:39.455511
548,Tina,Jackson,tina_jackson_4093@gmail.com,237-786-7734,2023-12-30 06:25:36.771868
549,Kristin,Donovan,kristin_donovan_5017@yahoo.com,444-254-5717,2025-02-27 14:53:11.428001
550,Justin,Molina,justin_molina_8870@hotmail.com,897-794-4617,2023-09-01 07:15:20.385051
551,Alexandra,Schneider,alexandra_schneider_6850@gmail.com,983-549-2425,2023-08-07 00:00:46.320111
552,Edgar,Brown,edgar_brown_6686@hotmail.com,153-361-3878,2023-11-16 08:27:01.408162
553,Bridget,Hudson,bridget_hudson_5029@hotmail.com,717-372-3919,2025-01-09 10:03:42.633701
554,Neil,Smith,neil_smith_9451@yahoo.com,163-696-1478,2025-05-30 02:32:33.726853
555,Travis,Rogers,travis_rogers_315@gmail.com,045-546-7955,2024-02-20 06:47:02.751221
556,Tyler,Ayala,tyler_ayala_6853@yahoo.com,315-665-2145,2023-10-22 19:15:22.797126
557,Eric,Ochoa,eric_ochoa_2992@yahoo.com,378-854-2234,2024-11-23 21:39:10.548305
558,Karen,Nguyen,karen_nguyen_2231@yahoo.com,347-867-1214,2024-06-26 04:44:42.678577
559,Theresa,Turner,theresa_turner_7183@yahoo.com,184-594-9259,2024-01-15 17:58:47.528286
560,Jason,Evans,jason_evans_6870@yahoo.com,536-590-3097,2024-12-11 07:04:03.513610
561,John,Hill,john_hill_2951@yahoo.com,409-113-3734,2024-03-04 04:33:23.922579
562,Sara,Turner,sara_turner_4993@hotmail.com,347-497-6419,2023-08-29 02:39:56.313920
563,Joseph,Stewart,joseph_stewart_3630@gmail.com,502-647-1073,2024-06-13 18:11:17.655797
564,Hunter,Rojas,hunter_rojas_279@yahoo.com,583-845-1362,2025-06-07 18:08:48.444024
565,Jennifer,Smith,jennifer_smith_1708@yahoo.com,721-004-9723,2023-09-19 20:52:55.282099
566,Amy,Lewis,amy_lewis_9115@gmail.com,223-357-2292,2024-06-19 16:30:47.011596
567,Justin,Malone,justin_malone_9056@hotmail.com,663-302-6899,2025-06-05 08:23:43.505220
568,Tina,Sanchez,tina_sanchez_9042@gmail.com,475-186-0290,2024-10-21 13:22:38.652987
569,Allison,Kim,allison_kim_1233@hotmail.com,724-605-5883,2024-06-10 22:51:59.015151
570,William,Sloan,william_sloan_3812@yahoo.com,791-115-3141,2023-09-01 17:00:13.803901
571,Michelle,Smith,michelle_smith_3698@gmail.com,520-263-2083,2025-05-17 09:27:59.970822
572,Kayla,Sanders,kayla_sanders_6815@yahoo.com,118-504-1144,2025-06-01 19:25:40.155072
573,Ryan,Campos,ryan_campos_9987@hotmail.com,173-435-3105,2025-04-22 18:49:24.317926
574,Nicole,Strickland,nicole_strickland_461@hotmail.com,011-352-6274,2025-01-30 09:29:18.953232
575,Ann,Moran,ann_moran_642@hotmail.com,778-760-7338,2024-06-22 19:37:56.461473
576,Brian,Hudson,brian_hudson_9303@gmail.com,582-820-3393,2023-09-09 12:06:55.925664
577,Ashlee,Kline,ashlee_kline_9574@yahoo.com,664-016-7021,2025-01-01 21:21:56.150568
578,Alicia,Jones,alicia_jones_2298@hotmail.com,230-532-4463,2024-06-25 06:17:03.383763
579,Hannah,Hayes,hannah_hayes_9723@yahoo.com,505-254-9428,2024-06-15 11:57:58.607024
580,Kara,Mcdaniel,kara_mcdaniel_2506@gmail.com,041-002-5873,2023-06-24 07:28:09.988768
581,Sherri,Nelson,sherri_nelson_6862@yahoo.com,421-365-2637,2023-08-08 17:16:20.911422
582,Abigail,Leon,abigail_leon_8349@gmail.com,847-068-6612,2024-06-29 13:34:10.440757
583,Angela,Sosa,angela_sosa_9648@hotmail.com,111-698-1231,2024-02-13 19:31:57.304300
584,Jennifer,Jones,jennifer_jones_4085@hotmail.com,397-715-1853,2024-02-21 13:35:47.320705
585,Kathryn,Joseph,kathryn_joseph_4532@gmail.com,268-318-7560,2024-08-20 15:24:38.883281
586,Tony,Smith,tony_smith_1626@yahoo.com,191-625-0630,2025-06-11 04:11:17.859575
587,Kimberly,Taylor,kimberly_taylor_8992@gmail.com,520-847-0861,2024-12-07 21:32:18.358244
588,Ashley,Vaughn,ashley_vaughn_3481@yahoo.com,241-345-9922,2024-02-10 03:55:03.436307
589,Christine,Miller,christine_miller_1739@yahoo.com,622-094-6407,2024-11-28 14:57:52.481131
590,Teresa,Potts,teresa_potts_4244@yahoo.com,490-904-3222,2025-05-07 09:30:17.995023
591,Elizabeth,Horton,elizabeth_horton_8442@gmail.com,314-529-9806,2024-11-02 10:13:50.993900
592,Lindsey,Blair,lindsey_blair_8542@yahoo.com,108-481-2429,2023-09-18 04:58:59.980024
593,Crystal,Gordon,crystal_gordon_6879@gmail.com,433-020-3158,2023-10-10 18:33:16.613524
594,Andrew,Thomas,andrew_thomas_1472@gmail.com,873-580-0023,2025-06-11 21:21:10.649298
595,William,Powell,william_powell_6903@hotmail.com,099-597-5681,2024-11-10 21:43:16.690901
596,Jonathan,Jackson,jonathan_jackson_3849@hotmail.com,561-454-4976,2023-10-01 23:34:32.185953
597,Tanya,Barber,tanya_barber_6339@hotmail.com,473-885-2553,2023-12-01 16:43:08.116401
598,Ronald,Lowery,ronald_lowery_4924@gmail.com,326-980-5289,2024-11-26 13:06:03.232925
599,Sophia,Padilla,sophia_padilla_9277@gmail.com,697-463-5520,2024-03-15 02:49:30.383235
600,Lisa,Cruz,lisa_cruz_8158@gmail.com,308-683-6270,2025-01-08 15:40:54.993798
601,Colleen,Hudson,colleen_hudson_6735@yahoo.com,218-295-9354,2023-10-21 08:03:46.527640
602,Jennifer,Davis,jennifer_davis_9544@hotmail.com,890-463-1722,2023-11-18 21:55:51.379578
603,Phillip,Mclean,phillip_mclean_2954@gmail.com,638-802-2189,2024-04-28 14:33:55.814147
604,Aaron,Richardson,aaron_richardson_2925@hotmail.com,809-081-2359,2024-09-21 01:32:35.652928
605,Elizabeth,Miller,elizabeth_miller_575@yahoo.com,116-480-3650,2024-10-29 13:16:35.763775
606,Theresa,Flores,theresa_flores_6162@gmail.com,190-401-5598,2024-01-23 00:57:30.163857
607,Shelia,Hunter,shelia_hunter_1363@yahoo.com,598-280-0197,2023-11-07 18:43:03.224453
608,Janice,Arnold,janice_arnold_5584@yahoo.com,641-490-6740,2025-04-08 21:14:26.670417
609,Cynthia,Brown,cynthia_brown_9066@yahoo.com,269-543-8434,2024-10-11 21:57:41.410545
610,Jose,Mueller,jose_mueller_1675@hotmail.com,339-697-5014,2025-03-05 22:58:50.782704
611,Steve,Fuentes,steve_fuentes_7652@gmail.com,404-053-8174,2023-11-23 22:44:50.578873
612,Ruth,Keller,ruth_keller_8382@yahoo.com,597-766-3870,2023-10-04 06:00:28.576163
613,Ellen,Watts,ellen_watts_1481@gmail.com,001-883-2536,2024-01-30 04:33:31.050922
614,Emily,Weaver,emily_weaver_2709@hotmail.com,238-487-4480,2025-02-01 11:27:37.952533
615,Melanie,Roberts,melanie_roberts_3536@yahoo.com,687-533-2781,2025-03-12 02:14:25.319167
616,John,Miller,john_miller_4078@hotmail.com,677-572-9659,2023-11-04 08:44:26.369301
617,Jonathan,Hall,jonathan_hall_1838@hotmail.com,600-021-5730,2025-04-23 18:02:18.435852
618,Michael,Wilson,michael_wilson_7631@hotmail.com,154-590-2622,2023-11-01 05:30:06.256511
619,Sharon,Sutton,sharon_sutton_375@yahoo.com,512-212-4738,2024-04-03 14:56:13.331534
620,Zachary,King,zachary_king_2933@hotmail.com,408-165-1983,2023-07-27 08:05:20.276821
621,Stacy,Rodriguez,stacy_rodriguez_7146@hotmail.com,018-090-3935,2023-07-09 02:32:56.680085
622,David,Ayala,david_ayala_9245@yahoo.com,761-491-4824,2024-01-23 17:15:32.687577
623,Richard,Cruz,richard_cruz_5049@yahoo.com,234-865-8781,2024-12-11 09:48:00.850818
624,David,Meyers,david_meyers_1171@hotmail.com,454-899-4218,2024-05-21 12:26:05.808938
625,Christopher,Robbins,christopher_robbins_3565@hotmail.com,548-514-0927,2025-06-05 23:34:26.396549
626,Scott,Smith,scott_smith_1513@hotmail.com,213-211-5864,2024-10-02 20:50:27.348252
627,Richard,Bell,richard_bell_8980@yahoo.com,285-330-3328,2024-05-14 00:06:52.127253
628,Melissa,Levine,melissa_levine_6672@gmail.com,982-375-7987,2023-08-24 11:53:03.850342
629,Elizabeth,Watkins,elizabeth_watkins_5462@yahoo.com,589-576-5733,2024-08-19 01:31:17.827721
630,Stacy,Brown,stacy_brown_8990@hotmail.com,689-427-3685,2023-10-30 11:02:28.999615
631,Brenda,Reynolds,brenda_reynolds_3794@yahoo.com,858-582-2064,2024-12-24 12:21:10.451487
632,Cynthia,Coleman,cynthia_coleman_5202@hotmail.com,230-885-3066,2023-10-31 01:44:05.820438
633,Chelsea,George,chelsea_george_6825@yahoo.com,931-110-0063,2023-11-13 04:58:26.189618
634,John,Holmes,john_holmes_9996@yahoo.com,323-402-1723,2024-12-01 06:15:16.169622
635,Steven,Spence,steven_spence_6341@hotmail.com,976-321-1304,2023-09-28 14:57:12.877885
636,Megan,Payne,megan_payne_2681@hotmail.com,057-393-6920,2023-11-01 11:07:53.121510
637,Mariah,Mccall,mariah_mccall_2407@hotmail.com,330-595-9837,2024-04-02 06:26:17.270816
638,Kenneth,Roberts,kenneth_roberts_3944@gmail.com,337-833-8561,2023-12-10 11:06:19.527022
639,Corey,Keith,corey_keith_880@hotmail.com,819-786-7634,2025-03-01 02:04:02.749076
640,Peggy,Pierce,peggy_pierce_4559@yahoo.com,258-120-0671,2024-03-01 21:04:37.303028
641,Vincent,Goodwin,vincent_goodwin_7504@gmail.com,766-206-5115,2023-06-27 20:32:28.611570
642,Ashley,Bennett,ashley_bennett_8870@hotmail.com,156-581-4346,2023-10-05 14:34:14.642566
643,Cheryl,Weeks,cheryl_weeks_8686@hotmail.com,382-703-6083,2023-12-25 07:01:37.379615
644,Kathleen,Maddox,kathleen_maddox_2747@hotmail.com,942-153-0277,2023-06-26 07:27:46.560165
645,Scott,Chan,scott_chan_3547@yahoo.com,431-274-2593,2024-09-26 06:46:57.533553
646,Daniel,Castro,daniel_castro_9117@yahoo.com,487-372-5592,2025-01-25 08:22:56.843704
647,Robert,Salazar,robert_salazar_7125@yahoo.com,497-873-7201,2025-03-01 17:12:29.504568
648,Michael,Moody,michael_moody_5229@hotmail.com,577-380-6847,2024-11-03 19:41:13.886264
649,Daniel,Johnson,daniel_johnson_5913@hotmail.com,792-344-5233,2025-02-25 12:42:50.081012
650,Benjamin,Davidson,benjamin_davidson_1469@gmail.com,374-710-4832,2024-02-19 16:56:09.215666
651,Anne,Howard,anne_howard_1581@yahoo.com,670-804-9097,2023-10-31 11:03:02.930065
652,Brandon,Davis,brandon_davis_257@gmail.com,468-754-8026,2023-11-05 15:49:08.428681
653,Timothy,Harris,timothy_harris_4434@yahoo.com,158-392-6377,2024-05-05 08:01:05.126211
654,Spencer,Hawkins,spencer_hawkins_7424@gmail.com,263-088-9973,2024-04-07 16:36:32.110663
655,James,Kelley,james_kelley_2829@hotmail.com,734-406-3229,2025-01-29 06:39:43.099035
656,Thomas,Adkins,thomas_adkins_4864@yahoo.com,951-272-0035,2023-11-05 04:36:28.779413
657,David,Wood,david_wood_3032@gmail.com,739-259-8534,2025-04-24 19:58:27.392830
658,Darrell,Wood,darrell_wood_4123@hotmail.com,224-751-7828,2025-04-26 04:02:51.978261
659,Tanner,Hernandez,tanner_hernandez_3623@gmail.com,773-718-3881,2025-04-23 10:13:43.905072
660,Kimberly,Miles,kimberly_miles_1066@yahoo.com,854-621-6209,2024-09-15 09:40:50.510940
661,Kathryn,Li,kathryn_li_3775@hotmail.com,640-241-5566,2025-05-29 02:35:00.631726
662,Brittany,White,brittany_white_5634@yahoo.com,870-703-5238,2024-01-21 11:56:22.599726
663,Stephanie,Hernandez,stephanie_hernandez_9593@gmail.com,976-583-9411,2024-05-18 22:38:00.822486
664,Lisa,Callahan,lisa_callahan_6386@hotmail.com,711-761-0585,2024-08-29 19:10:43.395880
665,Christy,White,christy_white_5338@gmail.com,660-088-8955,2024-11-09 07:33:30.145158
666,Edward,Dawson,edward_dawson_1003@gmail.com,683-419-1567,2025-05-28 08:46:53.568223
667,Alex,Gonzalez,alex_gonzalez_4600@yahoo.com,652-573-3582,2024-09-03 13:25:41.841318
668,Tracey,Rodriguez,tracey_rodriguez_8857@gmail.com,342-395-9209,2024-04-12 06:55:07.196321
669,Randy,Garrison,randy_garrison_3903@hotmail.com,568-895-5579,2024-03-21 08:55:49.431537
670,Michael,Burns,michael_burns_6982@hotmail.com,945-450-1663,2025-02-22 05:02:52.458444
671,Gabriella,Caldwell,gabriella_caldwell_1617@yahoo.com,625-776-9908,2024-05-06 10:48:20.330108
672,Jacob,Morgan,jacob_morgan_5934@yahoo.com,079-639-8850,2023-09-27 11:20:28.063316
673,Trevor,Newton,trevor_newton_5649@yahoo.com,436-679-0675,2024-01-15 16:12:28.210248
674,Joshua,Richardson,joshua_richardson_7554@gmail.com,709-375-8105,2024-05-04 11:44:15.267886
675,Grant,Ayala,grant_ayala_9086@gmail.com,011-228-7178,2023-07-13 21:23:02.116329
676,Edward,Harrison,edward_harrison_8653@yahoo.com,711-062-5333,2025-04-20 18:13:06.000031
677,Bryce,Newman,bryce_newman_1028@hotmail.com,730-200-3326,2023-12-15 18:06:06.484298
678,Shane,Barrett,shane_barrett_8996@yahoo.com,193-163-4469,2024-05-07 14:55:02.955851
679,Kristin,Lara,kristin_lara_7387@gmail.com,836-436-0226,2024-09-17 05:37:31.153432
680,Shawn,Stevens,shawn_stevens_487@yahoo.com,080-921-5287,2024-08-27 14:50:44.806145
681,Robert,Leonard,robert_leonard_2634@hotmail.com,330-125-0613,2024-08-01 04:33:39.701934
682,Grant,Jones,grant_jones_7484@yahoo.com,254-801-7370,2024-08-16 05:10:37.050777
683,Charles,Bernard,charles_bernard_6539@gmail.com,144-994-6341,2025-01-02 01:13:53.906266
684,Juan,Trujillo,juan_trujillo_9761@yahoo.com,244-082-2842,2024-09-11 23:34:04.418566
685,Mitchell,Lee,mitchell_lee_340@hotmail.com,270-008-8177,2025-03-02 08:36:48.055146
686,Jeremy,Kramer,jeremy_kramer_822@hotmail.com,563-114-5482,2024-08-31 22:47:53.201088
687,Tara,Pace,tara_pace_2947@hotmail.com,127-138-6504,2024-09-16 18:17:39.813913
688,Sharon,Payne,sharon_payne_8621@yahoo.com,517-050-4389,2024-05-18 18:52:57.227282
689,Brent,Webb,brent_webb_6878@yahoo.com,747-613-2789,2024-10-08 00:22:27.849578
690,Deanna,Jordan,deanna_jordan_7875@hotmail.com,678-454-5921,2024-10-05 01:01:24.118902
691,Linda,Sparks,linda_sparks_2142@gmail.com,368-313-8667,2024-09-24 16:53:29.756321
692,Amy,Anderson,amy_anderson_6148@hotmail.com,787-678-6335,2024-05-05 12:11:33.111330
693,Daniel,Carrillo,daniel_carrillo_2461@hotmail.com,833-878-3360,2024-11-24 06:41:13.775163
694,Richard,Simpson,richard_simpson_1853@gmail.com,510-783-2055,2024-02-06 13:35:53.769403
695,Lauren,Edwards,lauren_edwards_6948@hotmail.com,267-066-0618,2024-11-16 07:18:15.106574
696,Michael,Davis,michael_davis_5491@yahoo.com,570-931-8282,2024-06-14 06:46:10.805439
697,John,Hensley,john_hensley_3213@hotmail.com,030-721-2446,2023-11-21 22:21:29.503694
698,Luis,Chen,luis_chen_3123@gmail.com,101-817-2497,2023-11-28 12:57:03.273669
699,Mason,Fisher,mason_fisher_3702@hotmail.com,709-945-6093,2023-12-18 02:32:11.164233
700,Jeffrey,Charles,jeffrey_charles_2797@yahoo.com,633-131-2723,2024-01-31 22:30:07.114636
701,Grace,White,grace_white_1751@gmail.com,950-894-0625,2024-08-16 11:56:20.307548
702,Nicholas,Wagner,nicholas_wagner_2851@gmail.com,555-337-3166,2025-05-07 22:59:31.093635
703,Michael,Hayes,michael_hayes_4160@hotmail.com,680-650-0277,2023-11-01 13:10:02.381626
704,Brittany,Evans,brittany_evans_3243@hotmail.com,510-310-4937,2024-10-09 05:03:01.403759
705,Jessica,Martin,jessica_martin_9184@hotmail.com,886-727-0709,2023-07-16 05:18:16.719014
706,Jessica,Miller,jessica_miller_6743@yahoo.com,974-981-7113,2023-10-11 05:48:40.347686
707,Keith,Wolfe,keith_wolfe_4415@gmail.com,803-618-5959,2024-02-25 16:01:41.117415
708,Michael,Lucas,michael_lucas_8435@hotmail.com,364-460-0931,2025-02-08 15:44:28.425565
709,Gregory,Rodriguez,gregory_rodriguez_3669@gmail.com,902-046-9130,2023-08-18 20:02:30.979569
710,Michael,Ortiz,michael_ortiz_1624@hotmail.com,340-742-9146,2025-06-09 00:20:57.325818
711,Sarah,Foster,sarah_foster_5657@yahoo.com,669-831-5881,2023-11-12 08:13:29.951110
712,James,Adams,james_adams_5054@yahoo.com,137-936-1474,2024-01-11 23:16:26.702044
713,Eric,Herrera,eric_herrera_6934@yahoo.com,972-419-5994,2025-04-07 09:39:18.520334
714,Michelle,Thomas,michelle_thomas_2375@yahoo.com,052-650-4386,2025-06-02 12:22:28.472224
715,Gerald,Baker,gerald_baker_6051@yahoo.com,028-563-4808,2024-04-03 10:36:40.095151
716,Steve,Watson,steve_watson_2940@yahoo.com,847-224-4445,2024-06-05 12:18:59.443542
717,Shannon,Burnett,shannon_burnett_6749@gmail.com,331-039-9579,2025-01-13 03:58:22.253754
718,Cynthia,Banks,cynthia_banks_9489@yahoo.com,502-150-3616,2025-04-02 01:28:44.851721
719,Joe,Brown,joe_brown_2608@hotmail.com,345-372-9291,2023-11-26 20:07:04.961654
720,Brian,Moore,brian_moore_3698@gmail.com,200-470-7614,2024-09-01 12:33:19.990515
721,Cindy,Proctor,cindy_proctor_505@hotmail.com,075-653-1236,2023-07-13 15:45:22.326177
722,William,Myers,william_myers_9779@gmail.com,069-866-6949,2025-01-07 12:51:03.330577
723,John,Henderson,john_henderson_6486@hotmail.com,897-555-3273,2024-06-06 22:23:45.701567
724,Kevin,Davis,kevin_davis_136@hotmail.com,968-262-3395,2023-06-30 04:55:58.288777
725,Victoria,Jones,victoria_jones_5743@yahoo.com,266-656-5783,2025-06-01 06:06:38.290361
726,Dale,Stafford,dale_stafford_2401@yahoo.com,476-686-4902,2025-05-04 01:15:12.628262
727,Joseph,Weiss,joseph_weiss_9334@gmail.com,769-729-2470,2023-08-03 23:12:21.773419
728,David,Alvarez,david_alvarez_424@gmail.com,911-990-8771,2025-03-06 19:30:40.440058
729,Lacey,Lopez,lacey_lopez_7634@yahoo.com,274-948-9869,2024-01-26 16:58:40.682697
730,Pamela,Smith,pamela_smith_3521@gmail.com,285-910-5938,2024-03-15 14:56:00.510804
731,Michelle,Hoffman,michelle_hoffman_2323@yahoo.com,733-416-5125,2023-06-16 15:22:46.328850
732,Michael,King,michael_king_2410@yahoo.com,833-884-2617,2023-09-01 05:18:44.056265
733,Michael,Copeland,michael_copeland_2778@hotmail.com,037-251-9654,2024-05-16 22:33:29.146355
734,Lori,Miller,lori_miller_1790@hotmail.com,572-489-2725,2024-08-31 13:59:31.204750
735,Jennifer,Young,jennifer_young_7542@gmail.com,905-953-6291,2024-10-07 09:48:19.510763
736,James,Moore,james_moore_7951@hotmail.com,307-841-3569,2025-02-08 02:28:15.484033
737,Lisa,Johnson,lisa_johnson_4780@gmail.com,688-021-2289,2024-01-21 00:18:14.813382
738,Jonathan,Bowen,jonathan_bowen_511@gmail.com,650-932-5773,2025-04-26 21:29:18.272122
739,Denise,Roman,denise_roman_2361@gmail.com,806-030-5603,2025-04-09 20:43:23.008127
740,Eric,Young,eric_young_2158@yahoo.com,582-162-6881,2024-01-13 00:47:21.942393
741,David,Gomez,david_gomez_3289@hotmail.com,809-395-4158,2024-10-08 01:38:14.511173
742,Jose,Matthews,jose_matthews_1317@yahoo.com,445-250-1458,2024-10-18 08:52:15.442507
743,Luis,Walters,luis_walters_439@gmail.com,605-957-4675,2025-04-11 07:22:26.770736
744,Richard,Chen,richard_chen_2605@yahoo.com,446-125-7933,2024-07-14 18:22:52.457441
745,Alexander,Figueroa,alexander_figueroa_8475@gmail.com,384-353-4979,2025-03-14 14:54:56.086315
746,Carrie,Zuniga,carrie_zuniga_7134@yahoo.com,726-470-8895,2024-03-13 19:51:14.242356
747,Fernando,Roberts,fernando_roberts_3248@hotmail.com,899-278-4356,2025-06-03 18:24:00.910303
748,Patricia,Mercado,patricia_mercado_6306@hotmail.com,934-110-6035,2024-02-23 09:29:49.032591
749,Dorothy,Lee,dorothy_lee_8589@gmail.com,045-767-6587,2024-09-10 17:47:01.283958
750,Kara,Ford,kara_ford_921@gmail.com,218-980-3493,2024-04-24 23:48:33.868292
751,David,Jackson,david_jackson_9975@gmail.com,012-388-4657,2025-05-21 23:40:42.041375
752,Kara,Noble,kara_noble_7404@hotmail.com,490-621-0306,2024-12-18 12:46:30.104441
753,Kimberly,Fields,kimberly_fields_8742@gmail.com,747-594-7786,2024-05-22 00:15:28.635036
754,Sandy,Lopez,sandy_lopez_6419@hotmail.com,085-209-3149,2025-03-31 15:06:13.347288
755,Jeffrey,Dillon,jeffrey_dillon_7738@yahoo.com,092-330-9036,2024-10-29 13:22:25.190198
756,Sharon,Murphy,sharon_murphy_188@hotmail.com,919-551-5030,2023-09-10 04:02:43.283677
757,Michael,Ruiz,michael_ruiz_7808@hotmail.com,557-790-5022,2024-08-16 17:15:58.237495
758,Scott,Mckay,scott_mckay_1943@gmail.com,073-132-8525,2023-07-12 19:13:15.146569
759,Robert,Jimenez,robert_jimenez_5486@gmail.com,213-164-1048,2024-12-16 21:23:01.841885
760,Bradley,Ayala,bradley_ayala_2029@gmail.com,588-787-6657,2024-05-20 14:21:08.583653
761,Richard,Chavez,richard_chavez_9938@gmail.com,481-531-5219,2024-10-25 23:14:49.213345
762,Stephen,Andrews,stephen_andrews_4187@yahoo.com,733-156-5339,2024-01-24 16:26:12.811637
763,William,Davis,william_davis_5369@yahoo.com,995-847-2506,2025-04-27 09:36:00.682168
764,Vanessa,Jenkins,vanessa_jenkins_5366@yahoo.com,349-386-8346,2025-05-18 07:10:24.992382
765,Steven,Mathis,steven_mathis_5791@gmail.com,332-750-9872,2023-07-15 17:08:55.164089
766,Blake,Watson,blake_watson_2434@hotmail.com,547-838-0110,2024-05-21 23:47:46.309253
767,Ruben,Long,ruben_long_5208@hotmail.com,220-964-6826,2025-02-02 18:16:15.848872
768,Catherine,Griffin,catherine_griffin_1860@hotmail.com,246-139-9373,2024-04-29 20:23:53.280155
769,Anthony,Hicks,anthony_hicks_5691@hotmail.com,308-317-3289,2025-03-31 03:10:48.622774
770,Heather,Bell,heather_bell_5024@gmail.com,459-753-0022,2024-04-15 10:22:54.780692
771,Joshua,Parrish,joshua_parrish_1996@yahoo.com,023-056-5243,2023-11-08 08:47:57.360161
772,Andrew,Kim,andrew_kim_569@gmail.com,495-266-1515,2024-03-26 17:33:15.677346
773,Kenneth,Foster,kenneth_foster_4219@yahoo.com,510-671-1955,2024-07-14 19:34:17.118834
774,David,Brown,david_brown_9908@hotmail.com,356-125-0539,2024-02-19 01:36:03.843971
775,Kristina,Medina,kristina_medina_3208@gmail.com,438-929-4044,2024-12-04 00:22:34.520593
776,Patricia,Swanson,patricia_swanson_8420@gmail.com,539-148-2342,2023-06-23 04:37:06.541093
777,Molly,Rodriguez,molly_rodriguez_5329@yahoo.com,017-632-5037,2023-09-17 22:10:13.567007
778,Paige,Nichols,paige_nichols_6030@yahoo.com,510-545-3377,2025-06-05 19:44:20.382839
779,Karen,Phillips,karen_phillips_9514@hotmail.com,431-423-6724,2025-04-04 13:04:52.238298
780,Rita,Nelson,rita_nelson_5397@yahoo.com,995-364-6949,2024-02-01 00:16:43.710739
781,Heather,Grant,heather_grant_7344@yahoo.com,216-865-0463,2024-12-20 23:48:04.906540
782,Christopher,Bowen,christopher_bowen_1961@hotmail.com,969-817-3772,2023-07-24 08:31:47.072705
783,Don,Mitchell,don_mitchell_8517@yahoo.com,366-568-3494,2024-01-04 07:45:11.024871
784,Melanie,Watkins,melanie_watkins_8642@hotmail.com,858-050-1126,2024-04-02 15:26:17.258147
785,Yvette,Moore,yvette_moore_5942@gmail.com,441-689-3095,2023-06-28 05:37:02.708263
786,Diane,Warren,diane_warren_890@yahoo.com,324-664-4329,2024-04-25 00:08:45.462288
787,Daniel,Diaz,daniel_diaz_8888@hotmail.com,449-687-3930,2025-05-30 19:43:50.223901
788,Sean,Murphy,sean_murphy_5153@gmail.com,288-708-6694,2024-12-01 06:51:03.346133
789,Brent,Allen,brent_allen_4242@yahoo.com,384-255-5615,2025-05-05 17:43:19.338274
790,Kayla,Dennis,kayla_dennis_4143@gmail.com,083-449-8105,2023-12-27 15:11:26.086876
791,Chris,Reyes,chris_reyes_3956@gmail.com,764-736-3628,2024-02-02 02:43:10.484880
792,David,Roberts,david_roberts_1272@gmail.com,649-663-2523,2024-03-11 06:00:30.285307
793,Joshua,Turner,joshua_turner_8445@yahoo.com,779-087-6127,2024-11-27 07:35:32.135477
794,Charles,Thomas,charles_thomas_3369@gmail.com,758-772-0808,2023-11-20 02:36:08.706365
795,Jenna,Goodwin,jenna_goodwin_3150@gmail.com,794-091-9987,2024-04-09 19:26:35.464744
796,Donna,Gray,donna_gray_1595@hotmail.com,580-066-2195,2023-08-07 19:49:25.798149
797,Karen,Lynn,karen_lynn_2272@gmail.com,954-796-5762,2025-01-23 12:38:13.535758
798,Richard,Brooks,richard_brooks_3153@gmail.com,543-755-4132,2025-02-02 07:51:54.615204
799,Ashley,Salazar,ashley_salazar_309@gmail.com,057-465-0474,2025-05-02 16:28:54.813755
800,Craig,Beck,craig_beck_1138@hotmail.com,441-134-8463,2025-02-11 09:16:21.778944
801,Cheryl,Williams,cheryl_williams_9580@yahoo.com,954-393-7425,2023-09-23 21:38:10.132306
802,Chelsea,Gonzalez,chelsea_gonzalez_3911@yahoo.com,828-177-0091,2024-01-04 03:44:11.186356
803,Jonathan,Mckee,jonathan_mckee_9930@gmail.com,727-738-8913,2023-11-06 06:31:03.243702
804,Victoria,Bullock,victoria_bullock_6869@gmail.com,784-334-4395,2024-10-18 09:49:45.310576
805,Allison,White,allison_white_8795@yahoo.com,920-005-2139,2023-10-15 04:35:46.588518
806,Christina,Brown,christina_brown_1321@gmail.com,690-030-8869,2025-06-07 02:57:09.702924
807,Melinda,Wood,melinda_wood_5712@yahoo.com,778-320-8442,2023-10-20 11:00:57.308005
808,Melissa,Massey,melissa_massey_4155@hotmail.com,310-099-7149,2023-08-07 03:59:57.905427
809,Anna,Jenkins,anna_jenkins_2748@yahoo.com,418-959-0581,2025-01-18 04:38:30.217453
810,Justin,Huang,justin_huang_4396@yahoo.com,866-376-3019,2025-01-20 00:27:53.422337
811,Martin,Dunn,martin_dunn_404@gmail.com,732-589-3535,2025-02-27 04:11:22.562554
812,Katherine,Barker,katherine_barker_7418@hotmail.com,536-412-5450,2024-08-24 21:39:30.941406
813,Joseph,Klein,joseph_klein_5689@hotmail.com,020-657-7146,2023-09-04 23:35:04.124727
814,Robert,Cortez,robert_cortez_9487@yahoo.com,715-159-6090,2025-03-07 06:14:59.602321
815,Paula,Schultz,paula_schultz_5822@yahoo.com,615-981-1628,2024-04-11 19:00:32.654862
816,Shannon,Neal,shannon_neal_4428@hotmail.com,632-416-7531,2024-07-26 05:07:24.916507
817,Stephanie,Hurley,stephanie_hurley_717@yahoo.com,870-479-5479,2024-04-27 05:18:01.869275
818,Cody,Suarez,cody_suarez_3181@gmail.com,982-694-1941,2024-10-23 20:06:09.711540
819,Christopher,Campbell,christopher_campbell_6725@yahoo.com,867-949-3515,2024-05-19 19:28:34.834167
820,Megan,Jefferson,megan_jefferson_2240@gmail.com,864-641-7595,2024-10-15 20:02:45.299142
821,Rebecca,Mendoza,rebecca_mendoza_9106@yahoo.com,332-177-0942,2024-10-22 04:40:51.463354
822,Jeffrey,Walker,jeffrey_walker_7681@gmail.com,797-146-4948,2024-04-19 13:05:40.526031
823,Matthew,Moody,matthew_moody_2395@hotmail.com,302-883-5470,2024-10-08 21:23:27.409016
824,Teresa,Larson,teresa_larson_5343@gmail.com,129-612-9265,2024-08-17 08:23:11.820251
825,Natasha,Carter,natasha_carter_3216@yahoo.com,837-293-5348,2024-11-27 19:18:28.549462
826,Michael,Owens,michael_owens_6214@yahoo.com,686-455-9432,2024-12-27 23:29:59.776371
827,Erica,Thompson,erica_thompson_2938@hotmail.com,249-177-5532,2023-07-12 01:51:04.080620
828,Ryan,Medina,ryan_medina_3175@hotmail.com,547-784-7383,2023-10-09 22:20:31.361492
829,Michele,Santiago,michele_santiago_9140@gmail.com,119-235-4533,2023-09-06 12:08:32.672288
830,Richard,Russell,richard_russell_2123@hotmail.com,891-301-6522,2024-06-11 20:59:11.335011
831,Amy,Espinoza,amy_espinoza_2470@hotmail.com,719-452-9924,2025-05-16 09:15:21.114361
832,David,Wright,david_wright_2077@yahoo.com,333-579-9246,2023-09-23 23:52:46.925285
833,Jeffrey,Andrews,jeffrey_andrews_7826@gmail.com,143-663-2743,2024-01-27 15:38:08.241232
834,Michael,Garza,michael_garza_5171@gmail.com,228-321-3673,2024-06-18 11:04:37.582658
835,Ryan,Fox,ryan_fox_7518@yahoo.com,248-811-4110,2023-12-14 17:17:06.021961
836,Joshua,Watts,joshua_watts_9174@gmail.com,481-017-5036,2024-12-10 10:51:48.075684
837,Jennifer,Frank,jennifer_frank_190@gmail.com,239-691-7471,2024-02-04 21:35:48.043181
838,Edgar,Reese,edgar_reese_6437@yahoo.com,986-998-2911,2025-02-20 16:47:37.019374
839,Brady,Hanson,brady_hanson_1764@hotmail.com,821-734-6668,2025-04-13 21:47:14.593469
840,Danny,Hayes,danny_hayes_2165@gmail.com,523-901-4159,2024-01-12 02:15:41.368589
841,Sarah,Cruz,sarah_cruz_2575@hotmail.com,423-891-3054,2023-06-21 16:51:12.178425
842,Steven,Bautista,steven_bautista_9407@yahoo.com,263-602-1498,2024-08-10 10:04:24.691532
843,Calvin,Estrada,calvin_estrada_2976@gmail.com,354-989-2353,2024-05-09 13:44:08.516894
844,Denise,Cunningham,denise_cunningham_1293@gmail.com,327-931-0363,2023-10-02 19:57:17.321226
845,Daniel,Hendricks,daniel_hendricks_4552@yahoo.com,802-496-5347,2024-08-03 19:08:35.427092
846,Garrett,Sanchez,garrett_sanchez_6775@gmail.com,567-284-8542,2024-07-02 00:09:55.877590
847,Francisco,Reynolds,francisco_reynolds_4718@gmail.com,432-983-7653,2024-04-03 14:23:00.726255
848,Bobby,Sutton,bobby_sutton_6729@gmail.com,536-031-2629,2024-07-11 12:58:19.168301
849,Christopher,Gardner,christopher_gardner_9243@gmail.com,993-271-6619,2025-05-04 17:42:21.868237
850,Jonathon,Ball,jonathon_ball_3491@yahoo.com,961-955-8586,2024-04-21 20:24:12.325415
851,Sandra,Ford,sandra_ford_1956@yahoo.com,416-538-4782,2024-07-04 16:06:59.549284
852,Yvonne,Bridges,yvonne_bridges_9622@yahoo.com,164-787-7313,2024-03-21 17:27:38.818223
853,Mary,Wallace,mary_wallace_8909@yahoo.com,867-495-7104,2024-06-04 16:31:22.839976
854,Victoria,Wells,victoria_wells_618@hotmail.com,276-415-4355,2024-05-15 01:06:07.208819
855,Deborah,Fernandez,deborah_fernandez_3160@gmail.com,434-812-4313,2023-10-02 08:46:43.893842
856,Heidi,Hansen,heidi_hansen_2697@hotmail.com,641-564-2551,2024-06-05 12:30:14.547031
857,Sylvia,Burns,sylvia_burns_1092@yahoo.com,810-297-1923,2023-06-20 11:41:00.110593
858,Frank,Mason,frank_mason_2642@hotmail.com,445-852-7352,2024-11-26 22:25:27.199168
859,Michelle,Cooper,michelle_cooper_7558@yahoo.com,506-706-7845,2024-08-08 15:35:17.578005
860,Melissa,Anderson,melissa_anderson_4498@yahoo.com,827-244-3709,2024-05-10 00:10:37.896727
861,Christopher,Garcia,christopher_garcia_7904@yahoo.com,035-822-7372,2024-09-16 01:18:56.903252
862,Sarah,Macdonald,sarah_macdonald_5826@yahoo.com,048-722-6467,2024-05-16 22:26:15.409502
863,Felicia,Morton,felicia_morton_4471@hotmail.com,114-949-4529,2023-12-09 03:54:42.984290
864,Marc,Alvarez,marc_alvarez_1835@hotmail.com,920-709-8921,2024-03-11 09:06:33.278199
865,Chelsea,Green,chelsea_green_5657@hotmail.com,511-330-0849,2024-08-14 08:27:46.454672
866,Thomas,May,thomas_may_1629@hotmail.com,592-078-1466,2024-02-22 13:47:52.044623
867,Denise,Patrick,denise_patrick_3446@gmail.com,473-544-9050,2024-12-16 03:02:15.492366
868,Eric,Hall,eric_hall_1886@yahoo.com,784-382-5500,2024-01-14 07:26:49.229672
869,Bryan,Mcfarland,bryan_mcfarland_1894@hotmail.com,516-991-4094,2024-05-15 10:20:22.443920
870,Melissa,Montoya,melissa_montoya_8791@yahoo.com,856-695-2815,2024-12-14 03:29:36.227880
871,Tiffany,Gutierrez,tiffany_gutierrez_3260@yahoo.com,772-312-4801,2024-05-17 08:23:57.965918
872,Jacob,Alvarado,jacob_alvarado_6336@gmail.com,241-251-9262,2023-09-29 02:14:40.204125
873,Christopher,Lindsey,christopher_lindsey_9166@yahoo.com,736-103-6752,2023-10-16 07:00:02.285379
874,Sean,Foster,sean_foster_8664@gmail.com,538-064-0227,2024-03-16 13:21:57.341542
875,Zachary,Mcbride,zachary_mcbride_2121@hotmail.com,048-946-3506,2025-03-12 04:49:45.723264
876,Jared,Hall,jared_hall_6234@yahoo.com,819-678-8460,2024-09-19 14:13:41.455718
877,Jimmy,Harper,jimmy_harper_8760@gmail.com,130-391-4356,2025-02-11 12:30:47.035483
878,Stephen,Hernandez,stephen_hernandez_9702@hotmail.com,637-415-9542,2024-02-04 12:37:19.986524
879,Noah,Dalton,noah_dalton_7288@hotmail.com,851-824-1699,2025-04-18 13:34:02.103631
880,James,Smith,james_smith_6533@hotmail.com,265-469-1264,2024-05-21 22:37:55.731807
881,Albert,Thomas,albert_thomas_3427@gmail.com,976-484-5168,2025-05-09 06:40:00.184000
882,Kevin,Franklin,kevin_franklin_2649@gmail.com,795-375-5316,2024-12-02 05:33:42.423529
883,Johnathan,Taylor,johnathan_taylor_1857@yahoo.com,039-701-2853,2024-10-27 04:47:31.580044
884,Parker,Walter,parker_walter_7976@yahoo.com,259-229-4486,2023-08-17 12:13:58.595720
885,Christopher,Clarke,christopher_clarke_1274@gmail.com,152-743-4416,2024-04-27 04:47:20.912924
886,Donna,Sparks,donna_sparks_72@gmail.com,889-327-7469,2023-11-03 04:05:11.080214
887,Jillian,Pace,jillian_pace_4271@gmail.com,461-646-2410,2025-05-14 17:39:23.352736
888,Christine,Gutierrez,christine_gutierrez_4436@yahoo.com,305-203-4608,2024-05-21 13:51:11.685473
889,Jacqueline,Collier,jacqueline_collier_3311@gmail.com,394-333-1492,2024-06-15 22:47:56.496602
890,Kristen,Hancock,kristen_hancock_3364@gmail.com,228-027-3696,2024-11-19 16:56:34.722278
891,Timothy,Molina,timothy_molina_4051@gmail.com,735-113-3239,2025-05-25 01:21:07.890153
892,William,Snyder,william_snyder_8730@hotmail.com,767-192-6372,2025-04-29 03:26:31.330768
893,Joseph,Velazquez,joseph_velazquez_1123@gmail.com,978-447-7996,2024-07-06 08:21:46.092471
894,Brian,Moore,brian_moore_5878@yahoo.com,222-048-4958,2023-12-02 07:41:58.639879
895,Jill,George,jill_george_5846@yahoo.com,010-508-4099,2024-08-05 23:56:04.024895
896,Stephanie,Kelly,stephanie_kelly_1582@hotmail.com,323-600-2410,2024-07-28 19:32:12.020797
897,Colleen,Fox,colleen_fox_8837@yahoo.com,780-754-5567,2025-02-23 06:38:36.399792
898,Daisy,Garcia,daisy_garcia_9185@gmail.com,578-062-1925,2024-10-12 10:16:49.976596
899,Jorge,Rivers,jorge_rivers_8519@gmail.com,557-037-0548,2023-11-23 23:17:41.953134
900,Jennifer,Sharp,jennifer_sharp_2731@yahoo.com,480-955-8778,2024-11-16 21:04:40.703228
901,Ryan,Phillips,ryan_phillips_5090@hotmail.com,312-486-1975,2024-07-21 00:56:18.013957
902,Jose,Gomez,jose_gomez_9327@yahoo.com,475-069-1823,2025-04-07 18:34:16.031580
903,Heather,Maldonado,heather_maldonado_8686@yahoo.com,877-870-9871,2025-02-20 18:46:01.359840
904,Adam,Levy,adam_levy_7300@gmail.com,480-706-6250,2024-07-09 04:40:17.620533
905,Kyle,Thomas,kyle_thomas_7745@yahoo.com,900-764-5311,2024-08-28 12:17:16.529055
906,Heidi,Trujillo,heidi_trujillo_4708@yahoo.com,378-832-8660,2025-03-24 00:21:48.576962
907,Louis,Rosario,louis_rosario_565@hotmail.com,107-145-4125,2024-01-07 01:17:58.941901
908,Russell,Mccall,russell_mccall_2388@gmail.com,606-316-6684,2023-10-03 17:44:54.456122
909,Lisa,Vega,lisa_vega_747@gmail.com,970-943-6202,2024-02-04 18:08:43.266155
910,Lisa,Ramsey,lisa_ramsey_6284@gmail.com,216-750-3861,2025-05-29 09:12:23.270601
911,Kaitlin,Hopkins,kaitlin_hopkins_6454@yahoo.com,508-602-6922,2025-05-07 20:02:02.165331
912,Tabitha,Fischer,tabitha_fischer_5122@gmail.com,186-262-6815,2023-11-02 19:04:24.059423
913,James,Anderson,james_anderson_3951@hotmail.com,708-342-9846,2023-08-23 12:02:29.923224
914,Katherine,Rivas,katherine_rivas_6696@gmail.com,034-972-8676,2024-12-25 20:49:39.127599
915,Christopher,Boyle,christopher_boyle_5401@yahoo.com,380-825-8431,2024-07-10 22:49:07.790730
916,Edwin,Nunez,edwin_nunez_4422@yahoo.com,032-863-1020,2025-06-03 02:14:42.318682
917,Anthony,Farmer,anthony_farmer_5920@gmail.com,232-797-7658,2025-01-24 21:20:50.666439
918,Rachel,Delgado,rachel_delgado_4270@yahoo.com,958-692-8525,2024-07-05 03:01:26.783716
919,Ricky,Cooper,ricky_cooper_3415@yahoo.com,159-409-4826,2023-11-22 22:34:08.738476
920,Julie,Rodriguez,julie_rodriguez_7605@hotmail.com,802-823-3080,2023-12-17 08:44:21.870264
921,Rachel,Saunders,rachel_saunders_3219@yahoo.com,917-671-6352,2023-06-18 21:39:34.209198
922,James,Morales,james_morales_3216@hotmail.com,409-416-0959,2025-02-21 11:30:58.081686
923,Charles,Wood,charles_wood_9826@hotmail.com,356-800-3368,2023-08-11 21:38:05.439757
924,Karen,Holmes,karen_holmes_6705@gmail.com,792-568-8622,2025-02-21 23:46:10.973767
925,Larry,Washington,larry_washington_1819@yahoo.com,516-942-5760,2025-02-18 11:46:25.766258
926,Aaron,Johnson,aaron_johnson_8548@gmail.com,930-520-1723,2024-03-07 11:13:02.268047
927,Jamie,Austin,jamie_austin_9832@gmail.com,314-011-9845,2024-08-08 20:59:10.657586
928,Dale,Graham,dale_graham_8347@gmail.com,945-151-8975,2024-01-25 05:01:39.079423
929,Nicole,Owens,nicole_owens_9799@hotmail.com,147-906-3926,2024-11-24 10:57:21.115871
930,Julie,Spencer,julie_spencer_3930@yahoo.com,729-792-6704,2024-03-03 17:02:33.802885
931,Steven,Turner,steven_turner_5348@hotmail.com,202-880-9617,2023-12-17 22:40:46.376234
932,Denise,Bryan,denise_bryan_5370@yahoo.com,045-694-4622,2024-12-31 22:50:59.591010
933,Holly,Johnson,holly_johnson_6069@hotmail.com,036-552-9821,2023-07-04 07:28:12.304269
934,Katrina,Lawson,katrina_lawson_9534@yahoo.com,226-605-4485,2024-06-21 10:00:19.879724
935,Tanya,Owens,tanya_owens_2711@gmail.com,916-497-3345,2025-05-17 14:00:36.004657
936,Grace,Hayes,grace_hayes_5304@gmail.com,029-062-3026,2025-03-04 16:37:47.328551
937,Manuel,Stevens,manuel_stevens_7844@hotmail.com,162-461-5958,2023-10-25 23:42:46.726393
938,Brandon,Ross,brandon_ross_7401@yahoo.com,388-918-5979,2024-11-18 11:03:06.024486
939,Melissa,Blevins,melissa_blevins_6247@gmail.com,531-250-2212,2024-03-29 23:05:41.690671
940,Michael,Trevino,michael_trevino_2825@hotmail.com,614-540-5973,2025-04-24 02:20:23.762502
941,Patricia,Allen,patricia_allen_2567@yahoo.com,895-921-4300,2024-08-16 07:21:34.045047
942,Jimmy,Bryant,jimmy_bryant_1492@yahoo.com,762-523-7804,2023-11-02 10:56:26.452710
943,Elizabeth,Cole,elizabeth_cole_2248@yahoo.com,905-487-4865,2024-01-24 21:33:45.898868
944,Daniel,Crawford,daniel_crawford_8511@yahoo.com,932-893-8035,2025-02-27 17:35:08.789589
945,Joel,Wolfe,joel_wolfe_3577@hotmail.com,404-736-2458,2023-11-25 18:12:02.879383
946,Scott,Spencer,scott_spencer_5855@hotmail.com,134-956-8250,2024-08-23 14:33:13.865734
947,Michael,Moore,michael_moore_7813@yahoo.com,665-665-8797,2024-08-31 11:12:58.279627
948,Margaret,Flores,margaret_flores_7010@hotmail.com,979-256-9428,2023-06-30 23:33:40.851654
949,Richard,Alexander,richard_alexander_7821@hotmail.com,272-357-7754,2023-08-27 21:30:29.000164
950,Joseph,Flores,joseph_flores_1308@yahoo.com,752-369-9206,2024-04-23 00:01:01.382625
951,Jessica,Chen,jessica_chen_571@yahoo.com,051-212-5207,2023-07-29 08:08:54.672215
952,John,Skinner,john_skinner_7151@gmail.com,608-159-3143,2025-06-04 17:57:04.399570
953,Gerald,Nelson,gerald_nelson_7084@gmail.com,988-894-3193,2024-04-20 05:58:51.080764
954,Dale,Knight,dale_knight_9160@gmail.com,452-231-2642,2024-10-23 06:00:28.033234
955,Candice,Wang,candice_wang_5098@hotmail.com,157-965-4421,2024-12-20 02:58:13.890506
956,Carlos,Daniel,carlos_daniel_7617@yahoo.com,740-865-7792,2023-11-05 03:19:22.844253
957,Brendan,Carroll,brendan_carroll_2283@yahoo.com,366-365-7840,2023-09-07 18:30:24.131876
958,Kara,Wright,kara_wright_307@gmail.com,006-051-2869,2025-02-02 20:33:38.885273
959,William,Stone,william_stone_2291@gmail.com,496-430-7875,2024-01-29 18:18:59.505207
960,Lori,Lang,lori_lang_9333@gmail.com,483-487-5740,2024-12-23 11:57:39.337683
961,Emily,Moreno,emily_moreno_2799@hotmail.com,681-926-3411,2025-05-28 03:35:09.197210
962,Joshua,Hernandez,joshua_hernandez_4528@hotmail.com,190-184-0910,2025-03-25 00:57:10.217256
963,Robert,Smith,robert_smith_7343@yahoo.com,033-819-5238,2025-06-07 00:57:42.774720
964,Connor,Weeks,connor_weeks_6868@gmail.com,520-481-1015,2024-12-09 23:25:24.855096
965,Audrey,Anderson,audrey_anderson_6450@yahoo.com,524-791-9758,2025-04-02 17:18:26.042549
966,Wesley,Hines,wesley_hines_6166@gmail.com,530-248-8707,2024-06-23 06:00:40.737094
967,Daniel,Estrada,daniel_estrada_1819@gmail.com,624-807-9545,2023-12-17 11:47:43.458878
968,Miguel,Johnson,miguel_johnson_2811@yahoo.com,109-457-1529,2024-10-09 20:51:32.240463
969,Jack,Estes,jack_estes_3401@gmail.com,701-672-1250,2024-08-17 04:20:30.428756
970,Jesse,Adams,jesse_adams_4720@yahoo.com,944-337-7237,2024-09-08 20:09:51.983454
971,Adam,Nielsen,adam_nielsen_522@yahoo.com,933-271-5998,2025-05-25 03:13:11.879143
972,Danielle,Graves,danielle_graves_390@gmail.com,501-751-2882,2025-04-22 00:44:21.435019
973,Joshua,Wright,joshua_wright_1907@gmail.com,349-358-7075,2024-12-03 13:20:20.134177
974,Matthew,Mason,matthew_mason_420@gmail.com,582-493-9998,2025-02-11 09:23:48.408406
975,Jacqueline,Roy,jacqueline_roy_7848@gmail.com,115-529-7134,2024-07-17 14:16:27.893810
976,Amy,Mcclure,amy_mcclure_696@yahoo.com,574-568-0707,2025-01-04 19:14:53.501174
977,Phillip,Holland,phillip_holland_1659@yahoo.com,181-360-1539,2024-04-07 13:20:25.996486
978,Diana,Clark,diana_clark_449@gmail.com,270-378-3336,2024-03-07 14:17:50.585362
979,Katelyn,Patterson,katelyn_patterson_344@hotmail.com,848-707-6802,2024-09-25 23:19:52.473042
980,Robert,Stephens,robert_stephens_3742@hotmail.com,341-757-9260,2023-09-10 23:03:49.025822
981,Roberta,Jones,roberta_jones_5523@gmail.com,070-531-9162,2023-07-08 15:06:37.532428
982,Julie,Campbell,julie_campbell_3080@hotmail.com,312-362-5024,2025-03-25 00:30:21.259516
983,Brett,Boyd,brett_boyd_4661@yahoo.com,689-168-3202,2025-05-14 09:34:23.417577
984,Matthew,Reed,matthew_reed_9179@gmail.com,003-659-8245,2024-04-28 09:54:25.218611
985,Jacqueline,Banks,jacqueline_banks_8238@yahoo.com,514-102-7485,2025-05-18 03:33:07.501213
986,Jean,Bell,jean_bell_2734@yahoo.com,791-536-8762,2024-02-26 03:39:37.631567
987,Juan,Manning,juan_manning_8425@gmail.com,310-917-9146,2024-09-16 19:50:54.611317
988,Gregory,Robinson,gregory_robinson_5210@gmail.com,363-574-5307,2024-11-17 00:18:24.571457
989,Paul,Hensley,paul_hensley_9475@gmail.com,776-689-5053,2025-04-01 01:46:17.778247
990,John,Wood,john_wood_2017@gmail.com,674-005-3964,2023-06-24 22:44:47.923238
991,Kaitlin,Long,kaitlin_long_2730@yahoo.com,949-564-6753,2023-11-04 20:06:10.369394
992,Marisa,Jordan,marisa_jordan_6105@yahoo.com,297-049-5614,2024-01-09 17:50:46.003411
993,Brenda,Tate,brenda_tate_955@hotmail.com,430-653-0612,2023-09-02 08:57:44.250456
994,Matthew,Palmer,matthew_palmer_4244@hotmail.com,497-522-8041,2023-07-18 07:47:37.513471
995,Karen,White,karen_white_9800@hotmail.com,895-178-8165,2024-07-08 19:17:00.134411
996,Claudia,Becker,claudia_becker_6981@hotmail.com,664-699-6672,2023-12-11 00:42:11.141269
997,Susan,Gonzales,susan_gonzales_9265@hotmail.com,980-069-1788,2025-04-08 04:29:17.526899
998,Justin,Brown,justin_brown_1586@gmail.com,540-479-0517,2024-01-30 14:26:40.255394
999,Susan,Bradley,susan_bradley_4789@hotmail.com,878-881-2643,2025-03-31 11:28:37.301235
1000,Laura,Smith,laura_smith_2802@gmail.com,552-797-7067,2023-07-30 13:17:05.772994
